PR,URL,Title,Content type,Is rendered page,HTTP status code,Organic traffic,Is indexable page,No. of all inlinks,Is in sitemap,First found at
21,https://siliconbased.dev/chmod/777,chmod 777 (rwxrwxrwx) — Linux File Permissions Explained,text/html; charset=utf-8,false,200,0,true,10,false,https://siliconbased.dev/chmod/666
21,https://siliconbased.dev/chmod/644,chmod 644 (rw-r--r--) — Linux File Permissions Explained,text/html; charset=utf-8,false,200,0,true,11,false,https://siliconbased.dev/chmod-calculator
21,https://siliconbased.dev/chmod/755,chmod 755 (rwxr-xr-x) — Linux File Permissions Explained,text/html; charset=utf-8,false,200,0,true,11,false,https://siliconbased.dev/chmod-calculator
21,https://siliconbased.dev/chmod/700,chmod 700 (rwx------) — Linux File Permissions Explained,text/html; charset=utf-8,false,200,0,true,11,false,https://siliconbased.dev/chmod-calculator
21,https://siliconbased.dev/chmod/600,chmod 600 (rw-------) — Linux File Permissions Explained,text/html; charset=utf-8,false,200,0,true,11,false,https://siliconbased.dev/chmod-calculator
20,https://siliconbased.dev/chmod/750,chmod 750 (rwxr-x---) — Linux File Permissions Explained,text/html; charset=utf-8,false,200,0,true,1,false,https://siliconbased.dev/chmod/755
20,https://siliconbased.dev/chmod/500,chmod 500 (r-x------) — Linux File Permissions Explained,text/html; charset=utf-8,false,200,0,true,1,false,https://siliconbased.dev/chmod-calculator
20,https://siliconbased.dev/chmod/770,chmod 770 (rwxrwx---) — Linux File Permissions Explained,text/html; charset=utf-8,false,200,0,true,1,false,https://siliconbased.dev/chmod/700
20,https://siliconbased.dev/chmod/400,chmod 400 (r--------) — Linux File Permissions Explained,text/html; charset=utf-8,false,200,0,true,1,false,https://siliconbased.dev/chmod-calculator
20,https://siliconbased.dev/chmod/666,chmod 666 (rw-rw-rw-) — Linux File Permissions Explained,text/html; charset=utf-8,false,200,0,true,1,false,https://siliconbased.dev/chmod-calculator
20,https://siliconbased.dev/chmod/664,chmod 664 (rw-rw-r--) — Linux File Permissions Explained,text/html; charset=utf-8,false,200,0,true,1,false,https://siliconbased.dev/chmod/644
