PR,URL,Title,Content type,Is rendered page,HTTP status code,Organic traffic,Is indexable page,Is in sitemap,Referenced in sitemaps,No. of all inlinks,First found at
21,https://migratingmammals.com/expense-splitter,Trip Expense Splitter | Migrating Mammals,text/html; charset=utf-8,false,200,0,true,true,https://migratingmammals.com/sitemap.xml,2,
21,https://migratingmammals.com/jet-lag,Jet Lag Calculator & Recovery Plan | Migrating Mammals,text/html; charset=utf-8,false,200,0,true,true,https://migratingmammals.com/sitemap.xml,2,
21,https://migratingmammals.com/flight-time,Flight Time Calculator | Migrating Mammals,text/html; charset=utf-8,false,200,0,true,true,https://migratingmammals.com/sitemap.xml,2,
21,https://migratingmammals.com/guide-slow-travel,Slow Travel: The Complete Guide | Migrating Mammals,text/html; charset=utf-8,false,200,0,true,true,https://migratingmammals.com/sitemap.xml,2,
21,https://migratingmammals.com/trip-countdown,Trip Countdown Timer | Migrating Mammals,text/html; charset=utf-8,false,200,0,true,true,https://migratingmammals.com/sitemap.xml,2,
21,https://migratingmammals.com/guide-remote-work-visa,Remote Work Visas by Country | Migrating Mammals,text/html; charset=utf-8,false,200,0,true,true,https://migratingmammals.com/sitemap.xml,2,
21,https://migratingmammals.com/list-travel-credit-cards,Best Travel Credit Cards (No FX Fees) | Migrating Mammals,text/html; charset=utf-8,false,200,0,true,true,https://migratingmammals.com/sitemap.xml,2,
21,https://migratingmammals.com/timezone-converter,Timezone Converter | Migrating Mammals,text/html; charset=utf-8,false,200,0,true,true,https://migratingmammals.com/sitemap.xml,2,
21,https://migratingmammals.com/coworking-prices,Coworking Space Prices Around the World 2026 | migratingmammals.com,text/html; charset=utf-8,false,200,0,true,true,https://migratingmammals.com/sitemap.xml,2,
21,https://migratingmammals.com/currency-converter,Offline Currency Converter | Migrating Mammals,text/html; charset=utf-8,false,200,0,true,true,https://migratingmammals.com/sitemap.xml,3,
21,https://migratingmammals.com/nomad-tax,Digital Nomad Tax Estimator | Migrating Mammals,text/html; charset=utf-8,false,200,0,true,true,https://migratingmammals.com/sitemap.xml,3,
21,https://migratingmammals.com/dialing-codes,International Dialing Codes | Migrating Mammals,text/html; charset=utf-8,false,200,0,true,true,https://migratingmammals.com/sitemap.xml,2,
21,https://migratingmammals.com/nomad-salaries,Digital Nomad Average Salaries by Role 2026,text/html; charset=utf-8,false,200,0,true,true,https://migratingmammals.com/sitemap.xml,2,
21,https://migratingmammals.com/travel-checklist,International Travel Checklist | Migrating Mammals,text/html; charset=utf-8,false,200,0,true,true,https://migratingmammals.com/sitemap.xml,2,
21,https://migratingmammals.com/timezone-overlap,Timezone Overlap Finder | Migrating Mammals,text/html; charset=utf-8,false,200,0,true,true,https://migratingmammals.com/sitemap.xml,2,
21,https://migratingmammals.com/packing-list,Smart Packing List Generator | Migrating Mammals,text/html; charset=utf-8,false,200,0,true,true,https://migratingmammals.com/sitemap.xml,2,
21,https://migratingmammals.com/distance-calculator,Distance Calculator | Migrating Mammals,text/html; charset=utf-8,false,200,0,true,true,https://migratingmammals.com/sitemap.xml,2,
21,https://migratingmammals.com/world-clock,World Clock Dashboard | Migrating Mammals,text/html; charset=utf-8,false,200,0,true,true,https://migratingmammals.com/sitemap.xml,2,
21,https://migratingmammals.com/guide-travel-insurance,Digital Nomad Travel Insurance Guide | Migrating Mammals,text/html; charset=utf-8,false,200,0,true,true,https://migratingmammals.com/sitemap.xml,4,
21,https://migratingmammals.com/cost-of-living,Cost of Living Comparator | Migrating Mammals,text/html; charset=utf-8,false,200,0,true,true,https://migratingmammals.com/sitemap.xml,2,
21,https://migratingmammals.com/list-vpn,Best VPNs for Travel | Migrating Mammals,text/html; charset=utf-8,false,200,0,true,true,https://migratingmammals.com/sitemap.xml,2,
21,https://migratingmammals.com/timezone-planner,Timezone Meeting Planner | Migrating Mammals,text/html; charset=utf-8,false,200,0,true,true,https://migratingmammals.com/sitemap.xml,2,
21,https://migratingmammals.com/guide-schengen,Schengen 90/180 Rule Explained | Migrating Mammals,text/html; charset=utf-8,false,200,0,true,true,https://migratingmammals.com/sitemap.xml,2,
21,https://migratingmammals.com/list-esim,Best eSIM Providers for Travel | Migrating Mammals,text/html; charset=utf-8,false,200,0,true,true,https://migratingmammals.com/sitemap.xml,2,
21,https://migratingmammals.com/visa-checker,Visa Requirement Checker | Migrating Mammals,text/html; charset=utf-8,false,200,0,true,true,https://migratingmammals.com/sitemap.xml,2,
21,https://migratingmammals.com/schengen-calculator,Schengen 90/180 Day Calculator | Migrating Mammals,text/html; charset=utf-8,false,200,0,true,true,https://migratingmammals.com/sitemap.xml,3,
21,https://migratingmammals.com/travel-budget,Travel Budget Planner | Migrating Mammals,text/html; charset=utf-8,false,200,0,true,true,https://migratingmammals.com/sitemap.xml,2,
21,https://migratingmammals.com/list-nomad-cities,Best Cities for Digital Nomads in 2025 | Migrating Mammals,text/html; charset=utf-8,false,200,0,true,true,https://migratingmammals.com/sitemap.xml,2,
21,https://migratingmammals.com/travel-card-fees,Travel Credit Card Foreign Transaction Fee Comparison 2026,text/html; charset=utf-8,false,200,0,true,true,https://migratingmammals.com/sitemap.xml,2,
20,https://migratingmammals.com/cost-of-living-index,Digital Nomad Cost of Living Index 2026,text/html; charset=utf-8,false,200,0,true,true,https://migratingmammals.com/sitemap.xml,1,
20,https://migratingmammals.com/airport-codes,Airport Code Lookup | Migrating Mammals,text/html; charset=utf-8,false,200,0,true,true,https://migratingmammals.com/sitemap.xml,1,
20,https://migratingmammals.com/nomad-visa-index,Digital Nomad Visa Index 2025 — Every Remote Work Visa Compared,text/html; charset=utf-8,false,200,0,true,true,https://migratingmammals.com/sitemap.xml,1,
20,https://migratingmammals.com/power-adapter,Travel Power Adapter Guide & Calculator | Migrating Mammals,text/html; charset=utf-8,false,200,0,true,true,https://migratingmammals.com/sitemap.xml,1,
20,https://migratingmammals.com/guide-coworking,Coworking Spaces: How to Choose | Migrating Mammals,text/html; charset=utf-8,false,200,0,true,true,https://migratingmammals.com/sitemap.xml,1,
20,https://migratingmammals.com/list-travel-apps,Essential Travel Apps | Migrating Mammals,text/html; charset=utf-8,false,200,0,true,true,https://migratingmammals.com/sitemap.xml,1,
20,https://migratingmammals.com/language-phrases,Travel Phrases Cheat Sheet | Migrating Mammals,text/html; charset=utf-8,false,200,0,true,true,https://migratingmammals.com/sitemap.xml,1,
