Keyword,URL,Country,Difficulty,Volume,CPS,Parent Topic,Parent Topic Volume,Last Update,Referring Domains,Domain rating,Ahrefs Rank,Traffic,Keywords,CPC,Position,Type,Title,Global volume,Traffic potential,Global traffic potential,First seen,Intents,Languages,Page type,SV trend (03-2024 - 02-2026),SV Forecasting trend (03-2026 - 03-2027),Category
highest short interest stocks,https://finance.yahoo.com/research-hub/screener/most_shorted_stocks/,us,21,3700,,most shorted stocks,7300,2026-03-10 03:39:54,66,94,90,11063,244,2.00,1,Organic,Top Most Shorted Stocks List | Screener,3900,11000,12000,2015-11-13,"Informational,Non-branded,Non-local",English,,"1544, 756, 599, 2048, 724, 2315, 733, 5956, 543, 502, 22710, 5128, 1593, 780, 618, 2112, 747, 2388, 756, 6142, 560, 517, 23415, 5287","1642, 805, 637, 2177, 770, 2461, 779, 6328, 577, 533, 24119, 5445, 1691",Finance/Investing/Stocks and Bonds
highest short interest stocks,https://uk.finance.yahoo.com/research-hub/screener/most_shorted_stocks/,us,21,3700,,most shorted stocks,7300,2026-03-10 03:39:54,,,,,,2.00,1,Sitelinks,Most shorted stocks,3900,11000,12000,2015-11-13,"Informational,Non-branded,Non-local",English,,"1544, 756, 599, 2048, 724, 2315, 733, 5956, 543, 502, 22710, 5128, 1593, 780, 618, 2112, 747, 2388, 756, 6142, 560, 517, 23415, 5287","1642, 805, 637, 2177, 770, 2461, 779, 6328, 577, 533, 24119, 5445, 1691",Finance/Investing/Stocks and Bonds
highest short interest stocks,https://www.barchart.com/investing-ideas/short-interest-stocks,us,21,3700,,most shorted stocks,7300,2026-03-10 03:39:54,3,80,13521,751,26,2.00,2,Organic,"Short Interest Stocks (Feb 13th, 2026)",3900,11000,12000,2015-11-13,"Informational,Non-branded,Non-local",English,,"1544, 756, 599, 2048, 724, 2315, 733, 5956, 543, 502, 22710, 5128, 1593, 780, 618, 2112, 747, 2388, 756, 6142, 560, 517, 23415, 5287","1642, 805, 637, 2177, 770, 2461, 779, 6328, 577, 533, 24119, 5445, 1691",Finance/Investing/Stocks and Bonds
highest short interest stocks,https://fintel.io/shortSqueeze,us,21,3700,,most shorted stocks,7300,2026-03-10 03:39:54,91,69,125834,3550,188,2.00,3,Organic,Short Squeeze Stocks: Screener and Leaderboard,3900,11000,12000,2015-11-13,"Informational,Non-branded,Non-local",English,,"1544, 756, 599, 2048, 724, 2315, 733, 5956, 543, 502, 22710, 5128, 1593, 780, 618, 2112, 747, 2388, 756, 6142, 560, 517, 23415, 5287","1642, 805, 637, 2177, 770, 2461, 779, 6328, 577, 533, 24119, 5445, 1691",Finance/Investing/Stocks and Bonds
highest short interest stocks,https://www.schwab.com/learn/story/short-interest-monitor,us,21,3700,,most shorted stocks,7300,2026-03-10 03:39:54,1,88,2734,575,22,2.00,4,Organic,The Short Interest Monitor,3900,11000,12000,2015-11-13,"Informational,Non-branded,Non-local",English,,"1544, 756, 599, 2048, 724, 2315, 733, 5956, 543, 502, 22710, 5128, 1593, 780, 618, 2112, 747, 2388, 756, 6142, 560, 517, 23415, 5287","1642, 805, 637, 2177, 770, 2461, 779, 6328, 577, 533, 24119, 5445, 1691",Finance/Investing/Stocks and Bonds
highest short interest stocks,https://www.reddit.com/r/stocks/comments/1r7k36m/seeking_alpha_article_5_most_shorted_stocks/,us,21,3700,,most shorted stocks,7300,2026-03-10 03:39:54,1,95,35,542,23,2.00,5,Organic,Seeking Alpha Article - 5 Most Shorted Stocks,3900,11000,12000,2015-11-13,"Informational,Non-branded,Non-local",English,,"1544, 756, 599, 2048, 724, 2315, 733, 5956, 543, 502, 22710, 5128, 1593, 780, 618, 2112, 747, 2388, 756, 6142, 560, 517, 23415, 5287","1642, 805, 637, 2177, 770, 2461, 779, 6328, 577, 533, 24119, 5445, 1691",Finance/Investing/Stocks and Bonds
highest short interest stocks,https://finviz.com/news/310975/top-10-most-shorted-stocks-cleanspark-hims-hers-and-more,us,21,3700,,most shorted stocks,7300,2026-03-10 03:39:54,0,76,29787,321,47,2.00,6,Organic,"Top 10 Most Shorted Stocks: CleanSpark, Hims & Hers ...",3900,11000,12000,2015-11-13,"Informational,Non-branded,Non-local",English,,"1544, 756, 599, 2048, 724, 2315, 733, 5956, 543, 502, 22710, 5128, 1593, 780, 618, 2112, 747, 2388, 756, 6142, 560, 517, 23415, 5287","1642, 805, 637, 2177, 770, 2461, 779, 6328, 577, 533, 24119, 5445, 1691",Finance/Investing/Stocks and Bonds
highest short interest stocks,https://finviz.com/news/310975/top-10-most-shorted-stocks-cleanspark-hims-hers-and-more,us,21,3700,,most shorted stocks,7300,2026-03-10 03:39:54,,,,,,2.00,7,People also ask,What are the 5 most shorted stocks?,3900,11000,12000,2015-11-13,"Informational,Non-branded,Non-local",English,,"1544, 756, 599, 2048, 724, 2315, 733, 5956, 543, 502, 22710, 5128, 1593, 780, 618, 2112, 747, 2388, 756, 6142, 560, 517, 23415, 5287","1642, 805, 637, 2177, 770, 2461, 779, 6328, 577, 533, 24119, 5445, 1691",Finance/Investing/Stocks and Bonds
highest short interest stocks,https://www.nasdaq.com/articles/3-stocks-have-generated-1000-returns-just-2-years,us,21,3700,,most shorted stocks,7300,2026-03-10 03:39:54,,,,,,2.00,7,People also ask,Which stock can give 1000x return?,3900,11000,12000,2015-11-13,"Informational,Non-branded,Non-local",English,,"1544, 756, 599, 2048, 724, 2315, 733, 5956, 543, 502, 22710, 5128, 1593, 780, 618, 2112, 747, 2388, 756, 6142, 560, 517, 23415, 5287","1642, 805, 637, 2177, 770, 2461, 779, 6328, 577, 533, 24119, 5445, 1691",Finance/Investing/Stocks and Bonds
highest short interest stocks,https://www.schwab.com/learn/story/short-interest-monitor,us,21,3700,,most shorted stocks,7300,2026-03-10 03:39:54,,,,,,2.00,7,People also ask,Is 20% short float high?,3900,11000,12000,2015-11-13,"Informational,Non-branded,Non-local",English,,"1544, 756, 599, 2048, 724, 2315, 733, 5956, 543, 502, 22710, 5128, 1593, 780, 618, 2112, 747, 2388, 756, 6142, 560, 517, 23415, 5287","1642, 805, 637, 2177, 770, 2461, 779, 6328, 577, 533, 24119, 5445, 1691",Finance/Investing/Stocks and Bonds
highest short interest stocks,https://finance.yahoo.com/news/warren-buffett-explains-why-no-204005627.html,us,21,3700,,most shorted stocks,7300,2026-03-10 03:39:54,,,,,,2.00,7,People also ask,Has Warren Buffett ever shorted a stock?,3900,11000,12000,2015-11-13,"Informational,Non-branded,Non-local",English,,"1544, 756, 599, 2048, 724, 2315, 733, 5956, 543, 502, 22710, 5128, 1593, 780, 618, 2112, 747, 2388, 756, 6142, 560, 517, 23415, 5287","1642, 805, 637, 2177, 770, 2461, 779, 6328, 577, 533, 24119, 5445, 1691",Finance/Investing/Stocks and Bonds
highest short interest stocks,https://www.research-tree.com/shortinteresttracker,us,21,3700,,most shorted stocks,7300,2026-03-10 03:39:54,17,50,654083,318,43,2.00,8,Organic,Short Interest Tracker,3900,11000,12000,2015-11-13,"Informational,Non-branded,Non-local",English,,"1544, 756, 599, 2048, 724, 2315, 733, 5956, 543, 502, 22710, 5128, 1593, 780, 618, 2112, 747, 2388, 756, 6142, 560, 517, 23415, 5287","1642, 805, 637, 2177, 770, 2461, 779, 6328, 577, 533, 24119, 5445, 1691",Finance/Investing/Stocks and Bonds
highest short interest stocks,https://www.coindesk.com/markets/2026/02/25/strategy-becomes-most-heavily-shorted-u-s-stock-but-don-t-assume-pure-bearishness,us,21,3700,,most shorted stocks,7300,2026-03-10 03:39:54,60,89,1842,507,24,2.00,9,Organic,"MSTR tops list of most heavily shorted stocks, but don't ...",3900,11000,12000,2015-11-13,"Informational,Non-branded,Non-local",English,,"1544, 756, 599, 2048, 724, 2315, 733, 5956, 543, 502, 22710, 5128, 1593, 780, 618, 2112, 747, 2388, 756, 6142, 560, 517, 23415, 5287","1642, 805, 637, 2177, 770, 2461, 779, 6328, 577, 533, 24119, 5445, 1691",Finance/Investing/Stocks and Bonds
highest short interest stocks,https://www.benzinga.com/short-interest/most-shorted,us,21,3700,,most shorted stocks,7300,2026-03-10 03:39:54,46,86,3459,174,40,2.00,10,Organic,Most Shorted Stocks,3900,11000,12000,2015-11-13,"Informational,Non-branded,Non-local",English,,"1544, 756, 599, 2048, 724, 2315, 733, 5956, 543, 502, 22710, 5128, 1593, 780, 618, 2112, 747, 2388, 756, 6142, 560, 517, 23415, 5287","1642, 805, 637, 2177, 770, 2461, 779, 6328, 577, 533, 24119, 5445, 1691",Finance/Investing/Stocks and Bonds
highest short interest stocks,https://seekingalpha.com/news/4482589-top-10-stocks-with-the-highest-short-interest-levels-on-wall-street,us,21,3700,,most shorted stocks,7300,2026-03-10 03:39:54,,,,,,2.00,11,Organic,Top 10 stocks with the highest short interest levels on Wall ...,3900,11000,12000,2015-11-13,"Informational,Non-branded,Non-local",English,,"1544, 756, 599, 2048, 724, 2315, 733, 5956, 543, 502, 22710, 5128, 1593, 780, 618, 2112, 747, 2388, 756, 6142, 560, 517, 23415, 5287","1642, 805, 637, 2177, 770, 2461, 779, 6328, 577, 533, 24119, 5445, 1691",Finance/Investing/Stocks and Bonds
stocks with highest short interest,https://finance.yahoo.com/research-hub/screener/most_shorted_stocks/,us,4,1000,1.5,most shorted stocks,7300,2026-03-15 02:20:45,66,94,90,11063,244,2.00,1,Organic,Top Most Shorted Stocks List | Screener,1000,11000,12000,2015-10-19,"Informational,Non-branded,Non-local",English,,"86, 406, 455, 1508, 446, 514, 607, 534, 557, 541, 3090, 1146, 930, 506, 555, 1609, 547, 614, 707, 634, 658, 641, 3190, 1246","1030, 606, 655, 1709, 647, 714, 807, 735, 758, 741, 3290, 1347, 1130",Finance/Investing/Stocks and Bonds
stocks with highest short interest,https://stockanalysis.com/list/most-shorted-stocks/,us,4,1000,1.5,most shorted stocks,7300,2026-03-15 02:20:45,1,73,51595,662,69,2.00,2,Organic,Most Shorted Stocks,1000,11000,12000,2015-10-19,"Informational,Non-branded,Non-local",English,,"86, 406, 455, 1508, 446, 514, 607, 534, 557, 541, 3090, 1146, 930, 506, 555, 1609, 547, 614, 707, 634, 658, 641, 3190, 1246","1030, 606, 655, 1709, 647, 714, 807, 735, 758, 741, 3290, 1347, 1130",Finance/Investing/Stocks and Bonds
stocks with highest short interest,https://www.schwab.com/learn/story/short-interest-monitor,us,4,1000,1.5,most shorted stocks,7300,2026-03-15 02:20:45,1,88,2734,575,22,2.00,3,Organic,The Short Interest Monitor,1000,11000,12000,2015-10-19,"Informational,Non-branded,Non-local",English,,"86, 406, 455, 1508, 446, 514, 607, 534, 557, 541, 3090, 1146, 930, 506, 555, 1609, 547, 614, 707, 634, 658, 641, 3190, 1246","1030, 606, 655, 1709, 647, 714, 807, 735, 758, 741, 3290, 1347, 1130",Finance/Investing/Stocks and Bonds
stocks with highest short interest,https://fintel.io/shortSqueeze,us,4,1000,1.5,most shorted stocks,7300,2026-03-15 02:20:45,91,69,125834,3550,188,2.00,4,Organic,Short Squeeze Stocks: Screener and Leaderboard,1000,11000,12000,2015-10-19,"Informational,Non-branded,Non-local",English,,"86, 406, 455, 1508, 446, 514, 607, 534, 557, 541, 3090, 1146, 930, 506, 555, 1609, 547, 614, 707, 634, 658, 641, 3190, 1246","1030, 606, 655, 1709, 647, 714, 807, 735, 758, 741, 3290, 1347, 1130",Finance/Investing/Stocks and Bonds
stocks with highest short interest,,us,4,1000,1.5,most shorted stocks,7300,2026-03-15 02:20:45,,,,,,2.00,5,AI Overview,,1000,11000,12000,2015-10-19,"Informational,Non-branded,Non-local",English,,"86, 406, 455, 1508, 446, 514, 607, 534, 557, 541, 3090, 1146, 930, 506, 555, 1609, 547, 614, 707, 634, 658, 641, 3190, 1246","1030, 606, 655, 1709, 647, 714, 807, 735, 758, 741, 3290, 1347, 1130",Finance/Investing/Stocks and Bonds
stocks with highest short interest,,us,4,1000,1.5,most shorted stocks,7300,2026-03-15 02:20:45,,,,,,2.00,6,People also ask,Which stock has the highest short interest?,1000,11000,12000,2015-10-19,"Informational,Non-branded,Non-local",English,,"86, 406, 455, 1508, 446, 514, 607, 534, 557, 541, 3090, 1146, 930, 506, 555, 1609, 547, 614, 707, 634, 658, 641, 3190, 1246","1030, 606, 655, 1709, 647, 714, 807, 735, 758, 741, 3290, 1347, 1130",Finance/Investing/Stocks and Bonds
stocks with highest short interest,,us,4,1000,1.5,most shorted stocks,7300,2026-03-15 02:20:45,,,,,,2.00,6,People also ask,Is 20% short interest high?,1000,11000,12000,2015-10-19,"Informational,Non-branded,Non-local",English,,"86, 406, 455, 1508, 446, 514, 607, 534, 557, 541, 3090, 1146, 930, 506, 555, 1609, 547, 614, 707, 634, 658, 641, 3190, 1246","1030, 606, 655, 1709, 647, 714, 807, 735, 758, 741, 3290, 1347, 1130",Finance/Investing/Stocks and Bonds
stocks with highest short interest,,us,4,1000,1.5,most shorted stocks,7300,2026-03-15 02:20:45,,,,,,2.00,6,People also ask,Has Warren Buffett ever shorted a stock?,1000,11000,12000,2015-10-19,"Informational,Non-branded,Non-local",English,,"86, 406, 455, 1508, 446, 514, 607, 534, 557, 541, 3090, 1146, 930, 506, 555, 1609, 547, 614, 707, 634, 658, 641, 3190, 1246","1030, 606, 655, 1709, 647, 714, 807, 735, 758, 741, 3290, 1347, 1130",Finance/Investing/Stocks and Bonds
stocks with highest short interest,,us,4,1000,1.5,most shorted stocks,7300,2026-03-15 02:20:45,,,,,,2.00,6,People also ask,Which stock can give 1000x return?,1000,11000,12000,2015-10-19,"Informational,Non-branded,Non-local",English,,"86, 406, 455, 1508, 446, 514, 607, 534, 557, 541, 3090, 1146, 930, 506, 555, 1609, 547, 614, 707, 634, 658, 641, 3190, 1246","1030, 606, 655, 1709, 647, 714, 807, 735, 758, 741, 3290, 1347, 1130",Finance/Investing/Stocks and Bonds
stocks with highest short interest,https://www.marketbeat.com/instant-alerts/short-interest-in-popular-inc-nasdaqbpop-drops-by-273-2026-03-14/,us,4,1000,1.5,most shorted stocks,7300,2026-03-15 02:20:45,,,,,,2.00,7,"Top stories, Thumbnail","MarketBeat Short Interest in Popular, Inc. (NASDAQ:BPOP) Drops By 27.3% 11 hours ago",1000,11000,12000,2015-10-19,"Informational,Non-branded,Non-local",English,,"86, 406, 455, 1508, 446, 514, 607, 534, 557, 541, 3090, 1146, 930, 506, 555, 1609, 547, 614, 707, 634, 658, 641, 3190, 1246","1030, 606, 655, 1709, 647, 714, 807, 735, 758, 741, 3290, 1347, 1130",Finance/Investing/Stocks and Bonds
stocks with highest short interest,https://finance.yahoo.com/news/15-stocks-most-short-squeeze-172855341.html,us,4,1000,1.5,most shorted stocks,7300,2026-03-15 02:20:45,,,,,,2.00,7,"Top stories, Thumbnail",Yahoo Finance 15 Stocks With the Most Short Squeeze Potential 2 days ago,1000,11000,12000,2015-10-19,"Informational,Non-branded,Non-local",English,,"86, 406, 455, 1508, 446, 514, 607, 534, 557, 541, 3090, 1146, 930, 506, 555, 1609, 547, 614, 707, 634, 658, 641, 3190, 1246","1030, 606, 655, 1709, 647, 714, 807, 735, 758, 741, 3290, 1347, 1130",Finance/Investing/Stocks and Bonds
stocks with highest short interest,https://finviz.com/news/310975/top-10-most-shorted-stocks-cleanspark-hims-hers-and-more,us,4,1000,1.5,most shorted stocks,7300,2026-03-15 02:20:45,,,,,,2.00,7,"Top stories, Thumbnail","Finviz - Stock Screener Top 10 Most Shorted Stocks: CleanSpark, Hims & Hers And More 1 month ago",1000,11000,12000,2015-10-19,"Informational,Non-branded,Non-local",English,,"86, 406, 455, 1508, 446, 514, 607, 534, 557, 541, 3090, 1146, 930, 506, 555, 1609, 547, 614, 707, 634, 658, 641, 3190, 1246","1030, 606, 655, 1709, 647, 714, 807, 735, 758, 741, 3290, 1347, 1130",Finance/Investing/Stocks and Bonds
stocks with highest short interest,https://www.reddit.com/r/stocks/comments/1r7k36m/seeking_alpha_article_5_most_shorted_stocks/,us,4,1000,1.5,most shorted stocks,7300,2026-03-15 02:20:45,1,95,35,542,23,2.00,8,Organic,Seeking Alpha Article - 5 Most Shorted Stocks,1000,11000,12000,2015-10-19,"Informational,Non-branded,Non-local",English,,"86, 406, 455, 1508, 446, 514, 607, 534, 557, 541, 3090, 1146, 930, 506, 555, 1609, 547, 614, 707, 634, 658, 641, 3190, 1246","1030, 606, 655, 1709, 647, 714, 807, 735, 758, 741, 3290, 1347, 1130",Finance/Investing/Stocks and Bonds
stocks with highest short interest,https://finviz.com/news/310975/top-10-most-shorted-stocks-cleanspark-hims-hers-and-more,us,4,1000,1.5,most shorted stocks,7300,2026-03-15 02:20:45,0,76,29787,321,47,2.00,9,Organic,"Top 10 Most Shorted Stocks: CleanSpark, Hims & Hers ...",1000,11000,12000,2015-10-19,"Informational,Non-branded,Non-local",English,,"86, 406, 455, 1508, 446, 514, 607, 534, 557, 541, 3090, 1146, 930, 506, 555, 1609, 547, 614, 707, 634, 658, 641, 3190, 1246","1030, 606, 655, 1709, 647, 714, 807, 735, 758, 741, 3290, 1347, 1130",Finance/Investing/Stocks and Bonds
stocks with highest short interest,https://www.finra.org/finra-data/browse-catalog/equity-short-interest/data,us,4,1000,1.5,most shorted stocks,7300,2026-03-15 02:20:45,24,92,473,537,57,2.00,10,Organic,Equity Short Interest Data,1000,11000,12000,2015-10-19,"Informational,Non-branded,Non-local",English,,"86, 406, 455, 1508, 446, 514, 607, 534, 557, 541, 3090, 1146, 930, 506, 555, 1609, 547, 614, 707, 634, 658, 641, 3190, 1246","1030, 606, 655, 1709, 647, 714, 807, 735, 758, 741, 3290, 1347, 1130",Finance/Investing/Stocks and Bonds
stocks with highest short interest,https://finance.yahoo.com/news/15-stocks-most-short-squeeze-172855341.html,us,4,1000,1.5,most shorted stocks,7300,2026-03-15 02:20:45,,,,,,2.00,11,Organic,15 Stocks With the Most Short Squeeze Potential,1000,11000,12000,2015-10-19,"Informational,Non-branded,Non-local",English,,"86, 406, 455, 1508, 446, 514, 607, 534, 557, 541, 3090, 1146, 930, 506, 555, 1609, 547, 614, 707, 634, 658, 641, 3190, 1246","1030, 606, 655, 1709, 647, 714, 807, 735, 758, 741, 3290, 1347, 1130",Finance/Investing/Stocks and Bonds
stocks with highest short interest,https://www.barchart.com/investing-ideas/short-interest-stocks,us,4,1000,1.5,most shorted stocks,7300,2026-03-15 02:20:45,,,,,,2.00,12,Organic,"Short Interest Stocks (Feb 13th, 2026)",1000,11000,12000,2015-10-19,"Informational,Non-branded,Non-local",English,,"86, 406, 455, 1508, 446, 514, 607, 534, 557, 541, 3090, 1146, 930, 506, 555, 1609, 547, 614, 707, 634, 658, 641, 3190, 1246","1030, 606, 655, 1709, 647, 714, 807, 735, 758, 741, 3290, 1347, 1130",Finance/Investing/Stocks and Bonds
stocks with highest short interest,https://finviz.com/news/310975/top-10-most-shorted-stocks-cleanspark-hims-hers-and-more,us,4,1000,1.5,most shorted stocks,7300,2026-03-15 02:20:45,,,,,,2.00,13,Organic,"Top 10 Most Shorted Stocks: CleanSpark, Hims & Hers ...",1000,11000,12000,2015-10-19,"Informational,Non-branded,Non-local",English,,"86, 406, 455, 1508, 446, 514, 607, 534, 557, 541, 3090, 1146, 930, 506, 555, 1609, 547, 614, 707, 634, 658, 641, 3190, 1246","1030, 606, 655, 1709, 647, 714, 807, 735, 758, 741, 3290, 1347, 1130",Finance/Investing/Stocks and Bonds
stocks with the highest short interest,https://finance.yahoo.com/research-hub/screener/most_shorted_stocks/,us,24,80,,most shorted stocks,7300,2026-03-16 06:08:04,66,94,90,11063,244,1.20,1,Organic,Top Most Shorted Stocks List | Screener,80,11000,12000,2016-03-04,"Informational,Non-branded,Non-local",English,,,,Finance/Investing/Stocks and Bonds
stocks with the highest short interest,https://fintel.io/shortSqueeze,us,24,80,,most shorted stocks,7300,2026-03-16 06:08:04,91,69,125834,3550,188,1.20,2,Organic,Short Squeeze Stocks: Screener and Leaderboard,80,11000,12000,2016-03-04,"Informational,Non-branded,Non-local",English,,,,Finance/Investing/Stocks and Bonds
stocks with the highest short interest,https://www.highshortinterest.com/,us,24,80,,most shorted stocks,7300,2026-03-16 06:08:04,162,33,2792691,711,53,1.20,3,Organic,High Short Interest Stocks,80,11000,12000,2016-03-04,"Informational,Non-branded,Non-local",English,,,,Finance/Investing/Stocks and Bonds
stocks with the highest short interest,,us,24,80,,most shorted stocks,7300,2026-03-16 06:08:04,,,,,,1.20,4,AI Overview,,80,11000,12000,2016-03-04,"Informational,Non-branded,Non-local",English,,,,Finance/Investing/Stocks and Bonds
stocks with the highest short interest,,us,24,80,,most shorted stocks,7300,2026-03-16 06:08:04,,,,,,1.20,5,People also ask,What stock has the most short interest?,80,11000,12000,2016-03-04,"Informational,Non-branded,Non-local",English,,,,Finance/Investing/Stocks and Bonds
stocks with the highest short interest,,us,24,80,,most shorted stocks,7300,2026-03-16 06:08:04,,,,,,1.20,5,People also ask,Which stock can give 1000x return?,80,11000,12000,2016-03-04,"Informational,Non-branded,Non-local",English,,,,Finance/Investing/Stocks and Bonds
stocks with the highest short interest,,us,24,80,,most shorted stocks,7300,2026-03-16 06:08:04,,,,,,1.20,5,People also ask,What short interest is high?,80,11000,12000,2016-03-04,"Informational,Non-branded,Non-local",English,,,,Finance/Investing/Stocks and Bonds
stocks with the highest short interest,,us,24,80,,most shorted stocks,7300,2026-03-16 06:08:04,,,,,,1.20,5,People also ask,Has Warren Buffett ever shorted a stock?,80,11000,12000,2016-03-04,"Informational,Non-branded,Non-local",English,,,,Finance/Investing/Stocks and Bonds
stocks with the highest short interest,https://www.schwab.com/learn/story/short-interest-monitor,us,24,80,,most shorted stocks,7300,2026-03-16 06:08:04,1,88,2734,575,22,1.20,6,Organic,The Short Interest Monitor,80,11000,12000,2016-03-04,"Informational,Non-branded,Non-local",English,,,,Finance/Investing/Stocks and Bonds
stocks with the highest short interest,https://www.research-tree.com/shortinteresttracker,us,24,80,,most shorted stocks,7300,2026-03-16 06:08:04,17,50,654083,318,43,1.20,7,Organic,Short Interest Tracker,80,11000,12000,2016-03-04,"Informational,Non-branded,Non-local",English,,,,Finance/Investing/Stocks and Bonds
stocks with the highest short interest,https://www.marketbeat.com/short-interest/short-interest-decreases/,us,24,80,,most shorted stocks,7300,2026-03-16 06:08:04,46,75,39779,7,10,1.20,8,Organic,Largest Decreases in Short Interest,80,11000,12000,2016-03-04,"Informational,Non-branded,Non-local",English,,,,Finance/Investing/Stocks and Bonds
stocks with the highest short interest,https://www.youtube.com/watch?v=PV0P4nvGnzM,us,24,80,,most shorted stocks,7300,2026-03-16 06:08:04,0,99,4,47,21,1.20,9,"Organic, Video preview",3 High Short Interest Stocks You Need to Watch,80,11000,12000,2016-03-04,"Informational,Non-branded,Non-local",English,,,,Finance/Investing/Stocks and Bonds
stocks with the highest short interest,https://www.reddit.com/r/options/comments/1m6ra6w/short_squeeze_season_here_are_some_top_most/,us,24,80,,most shorted stocks,7300,2026-03-16 06:08:04,,95,35,136,63,1.20,10,Organic,"r/options - Short squeeze season, here are some top most ...",80,11000,12000,2016-03-04,"Informational,Non-branded,Non-local",English,,,,Finance/Investing/Stocks and Bonds
stocks with the highest short interest,https://www.sahmcapital.com/news/content/the-short-list-top-10-most-shorted-stocks-right-now-2025-11-26,us,24,80,,most shorted stocks,7300,2026-03-16 06:08:04,,,,,,1.20,11,Organic,The Short List — Top 10 Most Shorted Stocks Right Now,80,11000,12000,2016-03-04,"Informational,Non-branded,Non-local",English,,,,Finance/Investing/Stocks and Bonds
stocks with the highest short interest,https://www.investopedia.com/articles/01/082201.asp,us,24,80,,most shorted stocks,7300,2026-03-16 06:08:04,,,,,,1.20,12,Organic,Understanding Short Interest: Predicting Stock Movements,80,11000,12000,2016-03-04,"Informational,Non-branded,Non-local",English,,,,Finance/Investing/Stocks and Bonds
highest short interest stocks january 2026,,us,,100,,,,,,,,,,,,,,100,,,2026-01-02,,,,,,
highest short interest stocks july 2025,,us,,100,,,,,,,,,,,,,,100,,,2025-07-01,,,,,,
highest short interest stocks february 2026,,us,,80,,,,,,,,,,,,,,100,,,2026-02-01,,,,,,
stocks with highest short interest april 2025,,us,,70,,,,,,,,,,,,,,70,,,2025-04-02,,,,,,
highest short interest stocks october 2025,,us,,70,,,,,,,,,,,,,,70,,,2025-10-02,,,,,,
highest short interest stocks june 2025,,us,,60,,,,,,,,,,,,,,60,,,2025-06-03,,,,,,
stocks with highest short interest january 2026,,us,,60,,,,,,,,,,,,,,60,,,2026-01-02,,,,,,
stocks with highest short interest may 2025,,us,,60,,,,,,,,,,,,,,60,,,2025-05-01,,,,,,
highest short interest stocks october 2025 list,,us,,60,,,,,,,,,,,,,,60,,,2025-10-02,,,,,,
stocks with highest short interest october 2025,,us,,50,,,,,,,,,,,,,,50,,,2025-10-02,,,,,,
highest short interest stocks september 2025 list,,us,,50,,,,,,,,,,,,,,50,,,2025-09-04,,,,,,
highest short interest stocks 2025,,us,,50,,,,,,,,,,,,,,60,,,2025-03-22,,,,,,
stocks with highest short interest july 2025,,us,,50,,,,,,,,,,,,,,50,,,2025-07-03,,,,,,
stocks with highest short interest today,,us,,50,,,,,,,,,,,,,,50,,,2021-06-24,,,,,,
highest short interest stocks may 2025,,us,,50,,,,,,,,,,,,,,50,,,2025-05-04,,,,,,
highest short interest stocks august 2025,,us,,50,,,,,,,,,,,,,,50,,,2025-08-02,,,,,,
highest short interest stocks us,,us,,40,,,,,,,,,,,,,,40,,,2025-08-27,,,,,,
highest short interest stocks november 2025,,us,,40,,,,,,,,,,,,,,40,,,2025-11-02,,,,,,
highest short interest stocks december 2025,,us,,40,,,,,,,,,,,,,,40,,,2025-12-02,,,,,,
highest short interest stocks august 2025 list,,us,,40,,,,,,,,,,,,,,40,,,2025-08-07,,,,,,
stocks with highest short interest december 2025,,us,,30,,,,,,,,,,,,,,30,,,2025-12-03,,,,,,
stocks with highest short interest 2025,,us,,30,,,,,,,,,,,,,,30,,,2025-04-11,,,,,,
highest short interest stocks april 2025,,us,,30,,,,,,,,,,,,,,30,,,2025-04-06,,,,,,
stocks with highest short interest february 2026,,us,,30,,,,,,,,,,,,,,40,,,2026-02-02,,,,,,
us stocks highest short interest list,,us,,20,,,,,,,,,,,,,,20,,,2025-09-12,,,,,,
stocks with highest short interest march 2025,,us,,20,,,,,,,,,,,,,,20,,,2025-03-13,,,,,,
highest short interest stocks today,,us,,20,,,,,,,,,,,,,,30,,,2021-01-27,"Informational,Non-branded,Non-local",English,,,,Finance/Investing/Stocks and Bonds
highest short interest stocks current,,us,,20,,,,,,,,,,,,,,20,,,2025-06-20,,,,,,
highest short interest stocks right now,,us,,20,,,,,,,,,,,,,,20,,,2021-08-20,,,,,,
highest short interest stocks july 2025 list,,us,,20,,,,,,,,,,,,,,20,,,2025-07-08,,,,,,
which stocks have highest short interest,,us,,20,,,,,,,,,,,,,,20,,,2025-07-22,,,,,,
which stocks have the highest short interest,,us,,10,,,,,,,,,,,,,,10,,,2021-01-28,,,,,,
highest short interest us stocks,,us,,10,,,,,,,,,,,,,,10,,,2025-09-04,,,,,,
stocks with highest short interest 2026,,us,,10,,,,,,,,,,,,,,10,,,2026-01-30,,,,,,
highest short interest stocks 2025 short squeeze,,us,,10,,,,,,,,,,,,,,10,,,2025-05-18,,,,,,
us stocks highest short interest,,us,,10,,,,,,,,,,,,,,10,,,2021-03-29,,,,,,
stocks with highest short interest current,,us,,10,,,,,,,,,,,,,,10,,,2025-07-07,,,,,,
highest short interest stocks 2025 list,,us,,10,,,,,,,,,,,,,,10,,,2025-05-29,,,,,,
what stocks have the highest short interest,,us,,10,,,,,,,,,,1.50,,,,10,,,2021-01-23,"Informational,Non-branded,Non-local",English,,,,Finance/Investing/Stocks and Bonds
stocks with highest short interest ratio,,us,,10,,,,,,,,,,,,,,10,,,2021-01-27,,,,,,
which stocks have highest short interest us,,us,,10,,,,,,,,,,,,,,10,,,2025-09-11,,,,,,
highest short interest stocks us october 2025,,us,,10,,,,,,,,,,,,,,10,,,2025-10-20,,,,,,
highest short interest stocks list us,,us,,10,,,,,,,,,,,,,,10,,,2025-10-18,,,,,,
stocks highest short interest,,us,,10,,,,,,,,,,1.40,,,,10,,,2018-12-28,"Informational,Non-branded,Non-local",English,,,,Finance/Investing/Stocks and Bonds
stocks with highest short interest right now,,us,,10,,,,,,,,,,,,,,10,,,2025-08-14,,,,,,
highest short interest stocks november 2025 list,,us,,10,,,,,,,,,,,,,,10,,,2025-11-04,,,,,,
highest short interest stocks us market current,,us,,10,,,,,,,,,,,,,,20,,,2025-11-30,,,,,,
highest short interest stocks right now 2026,,us,,10,,,,,,,,,,,,,,10,,,2026-01-21,,,,,,
stocks with highest short interest us,,us,,10,,,,,,,,,,,,,,10,,,2025-08-17,,,,,,
list of stocks with highest short interest,,us,,10,,,,,,,,,,,,,,10,,,2021-01-25,"Informational,Non-branded,Non-local",English,,,,Finance/Investing/Stocks and Bonds
highest short interest stocks december 2025 list,,us,,10,,,,,,,,,,,,,,10,,,2025-12-12,,,,,,
highest short interest stocks as of january 2026,,us,,10,,,,,,,,,,,,,,10,,,2026-01-06,,,,,,
highest short interest stocks us list,,us,,10,,,,,,,,,,,,,,10,,,2025-10-09,,,,,,
stocks highest short interest us,,us,,10,,,,,,,,,,,,,,10,,,2025-10-07,,,,,,
highest short interest stocks 2026,,us,,10,,,,,,,,,,,,,,10,,,2026-01-09,,,,,,
small cap stocks with highest short interest,,us,,10,,,,,,,,,,,,,,10,,,2025-06-21,,,,,,
current highest short interest stocks,,us,,10,,,,,,,,,,,,,,10,,,2021-01-29,,,,,,
highest short interest us stocks list,,us,,10,,,,,,,,,,,,,,10,,,2025-09-24,,,,,,
highest short interest stocks us current,,us,,10,,,,,,,,,,,,,,10,,,2025-10-21,,,,,,
highest short interest stocks list,,us,,10,,,,,,,,,,,,,,10,,,2025-07-11,,,,,,
highest short interest stocks us february 2026,,us,,10,,,,,,,,,,,,,,10,,,2026-02-04,,,,,,
stocks with highest short interest currently,,us,,10,,,,,,,,,,,,,,10,,,2025-07-22,,,,,,
highest short interest stocks us november 2025,,us,,10,,,,,,,,,,,,,,10,,,2025-11-11,,,,,,
highest short interest stocks us market 2024,,us,,0,,,,,,,,,,,,,,0,,,2025-12-30,,,,,,
highest short interest stocks march 2025,,us,,0,,,,,,,,,,,,,,0,,,2025-03-13,,,,,,
highest short interest stocks us december 2025,,us,,0,,,,,,,,,,,,,,0,,,2025-12-08,,,,,,
highest short interest stocks us 2025,,us,,0,,,,,,,,,,,,,,0,,,2025-05-22,,,,,,
highest short interest stocks july 2025 us,,us,,0,,,,,,,,,,,,,,0,,,2025-07-22,,,,,,
stocks with highest short interest 2024,,us,,0,,,,,,,,,,,,,,0,,,2026-01-17,,,,,,
us stocks highest short interest list 2025,,us,,0,,,,,,,,,,,,,,0,,,2025-09-30,,,,,,
highest short interest stocks list december 2025,,us,,0,,,,,,,,,,,,,,0,,,2025-12-20,,,,,,
highest short interest stocks 2020,,us,,0,,,,,,,,,,,,,,0,,,2020-05-15,,,,,,
top 10 stocks with highest short interest,,us,,0,,,,,,,,,,,,,,0,,,2025-04-10,,,,,,
nasdaq stocks with highest short interest,,us,,0,,,,,,,,,,,,,,0,,,2021-01-24,,,,,,
highest short interest stocks list 2025,,us,,0,,,,,,,,,,,,,,0,,,2025-08-31,,,,,,
january 2026 highest short interest stocks list,,us,,0,,,,,,,,,,,,,,0,,,2026-01-20,,,,,,
highest short interest stocks currently,,us,,0,,,,,,,,,,,,,,0,,,2025-08-04,,,,,,
stocks highest short interest list us,,us,,0,,,,,,,,,,,,,,0,,,2025-10-23,,,,,,
highest short interest stocks us market,,us,,0,,,,,,,,,,,,,,0,,,2025-11-29,,,,,,
what stocks have highest short interest,,us,,0,,,,,,,,,,,,,,0,,,2021-01-28,,,,,,
highest short interest stocks list january 2026,,us,,0,,,,,,,,,,,,,,0,,,2026-01-07,,,,,,
highest short interest stocks as of february 2026,,us,,0,,,,,,,,,,,,,,0,,,2026-02-11,,,,,,
which stocks have highest short interest today,,us,,0,,,,,,,,,,,,,,0,,,2025-08-13,,,,,,
highest short interest stocks january 2026 list,,us,,0,,,,,,,,,,,,,,0,,,2026-01-07,,,,,,
highest short interest us stocks january 2026,,us,,0,,,,,,,,,,,,,,0,,,2026-01-23,,,,,,
stocks with highest short interest 2021,,us,,0,,,,,,,,,,,,,,0,,,2021-02-08,,,,,,
highest short interest stocks reddit,,us,,0,,,,,,,,,,,,,,0,,,2021-03-06,,,,,,
highest short interest stocks 2024,,us,,0,,,,,,,,,,,,,,0,,,2024-01-29,,,,,,
highest short interest stocks us 2026,,us,,0,,,,,,,,,,,,,,0,,,2026-02-18,,,,,,
highest short interest stocks us may 2025,,us,,0,,,,,,,,,,,,,,0,,,2025-05-21,,,,,,
which us stocks have highest short interest,,us,,0,,,,,,,,,,,,,,0,,,2025-08-12,,,,,,
stocks with highest short interest right now 2026,,us,,0,,,,,,,,,,,,,,0,,,2026-02-20,,,,,,
highest short interest us stocks july 2025,,us,,0,,,,,,,,,,,,,,0,,,2025-07-22,,,,,,
highest short interest stocks us market 2026,,us,,0,,,,,,,,,,,,,,10,,,2026-01-12,,,,,,
highest short interest stocks 2023,,us,,0,,,,,,,,,,,,,,0,,,2023-02-05,,,,,,
highest short interest stocks 2022,,us,,0,,,,,,,,,,,,,,0,,,2022-07-05,,,,,,
highest short interest stocks us market 2025,,us,,0,,,,,,,,,,,,,,0,,,2025-11-25,,,,,,
highest short interest penny stocks october 2025,,us,,0,,,,,,,,,,,,,,0,,,2025-10-30,,,,,,
highest short interest us stocks february 2026,,us,,0,,,,,,,,,,,,,,0,,,2026-02-21,,,,,,
highest short interest us stocks april 2025,,us,,0,,,,,,,,,,,,,,0,,,2025-04-25,,,,,,
current highest short interest stocks us,,us,,0,,,,,,,,,,,,,,0,,,2025-09-22,,,,,,
highest short interest stocks 2021,,us,,0,,,,,,,,,,,,,,0,,,2021-02-07,,,,,,
highest short interest stocks us market latest,,us,,0,,,,,,,,,,,,,,0,,,2025-11-29,,,,,,
current highest short interest stocks list,,us,,0,,,,,,,,,,,,,,0,,,2025-08-26,,,,,,
highest short interest small cap stocks 2025,,us,,0,,,,,,,,,,,,,,0,,,2025-08-03,,,,,,
stocks highest short interest list,,us,,0,,,,,,,,,,,,,,0,,,2025-10-22,,,,,,
list of us stocks with highest short interest,,us,,0,,,,,,,,,,,,,,0,,,2025-08-30,,,,,,
highest short interest stocks us right now,,us,,0,,,,,,,,,,,,,,0,,,2026-02-10,,,,,,
highest short interest stocks list february 2026,,us,,0,,,,,,,,,,,,,,0,,,2026-02-11,,,,,,
highest short interest stocks february 2026 list,,us,,0,,,,,,,,,,,,,,0,,,2026-02-08,,,,,,
stocks with highest short interest this week,,us,,0,,,,,,,,,,,,,,0,,,2025-08-04,,,,,,
highest short interest small cap stocks,,us,,0,,,,,,,,,,,,,,0,,,2025-07-26,,,,,,
highest short interest ratio stocks,,us,,0,,,,,,,,,,,,,,0,,,2019-07-16,,,,,,
stocks with highest short interest 2025 list,,us,,0,,,,,,,,,,,,,,0,,,2025-09-30,,,,,,
highest short interest stocks us market right now,,us,,0,,,,,,,,,,,,,,0,,,2026-01-20,,,,,,
highest short interest stocks us january 2026,,us,,0,,,,,,,,,,,,,,10,,,2026-01-09,,,,,,
top 10 highest short interest stocks,,us,,0,,,,,,,,,,,,,,0,,,2024-03-16,,,,,,
list of highest short interest stocks,,us,,0,,,,,,,,,,,,,,0,,,2021-01-27,,,,,,
us stocks highest short interest current,,us,,0,,,,,,,,,,,,,,0,,,2025-09-23,,,,,,
highest short interest mega cap stocks july 2025,,us,,0,,,,,,,,,,,,,,0,,,2026-01-11,,,,,,
highest short interest us stocks may 2025,,us,,0,,,,,,,,,,,,,,0,,,2025-05-14,,,,,,
current stocks with highest short interest,,us,,0,,,,,,,,,,,,,,0,,,2021-07-05,,,,,,
stocks with highest short interest percentage,,us,,0,,,,,,,,,,,,,,0,,,2025-08-21,,,,,,
highest short interest stocks us april 2025,,us,,0,,,,,,,,,,,,,,0,,,2025-04-24,,,,,,
us stocks with highest short interest,,us,,0,,,,,,,,,,,,,,0,,,2021-02-11,,,,,,
highest short interest stocks as of december 2025,,us,,0,,,,,,,,,,,,,,0,,,2025-12-17,,,,,,
what stocks have the highest short interest?,,us,,0,,,,,,,,,,,,,,0,,,2021-01-27,,,,,,
highest short interest stocks may 2025 list,,us,,0,,,,,,,,,,,,,,0,,,2025-05-21,,,,,,
