#,Keyword,Country,Difficulty,Volume,CPC,CPS,Parent Keyword,Last Update,SERP Features,Global volume,Traffic potential,Global traffic potential,First seen,Intents,Languages,SV trend (03-2024 - 02-2026),SV Forecasting trend (03-2026 - 03-2027),Category
1,cost of equity calculator,us,3,450,0.15,1.38,cost of equity calculator,2026-02-28 10:33:20,"People also ask,AI Overview,Thumbnail,Video preview,Sitelinks",900,600,800,2015-09-13,"Informational,Non-branded,Non-local",English,"812, 1276, 691, 384, 447, 446, 519, 782, 956, 807, 420, 634, 626, 775, 439, 292, 354, 294, 422, 518, 520, 540, 425, 484","539, 721, 525, 318, 303, 282, 311, 435, 474, 458, 297, 334, 367",Finance/Investing/Stocks and Bonds
2,startup equity calculator,us,18,300,1.40,1.69,startup equity calculator,2026-03-04 14:14:56,"Sitelinks,Video preview",500,500,600,2015-09-08,"Informational,Non-branded,Non-local",English,"413, 410, 416, 420, 353, 351, 300, 416, 585, 289, 344, 336, 343, 418, 296, 283, 273, 271, 237, 288, 221, 274, 268, 279","283, 283, 268, 264, 238, 249, 266, 274, 275, 254, 268, 279, 283",Finance/Investing
3,debt to equity ratio calculator,us,7,250,1.10,1.11,debt to equity ratio,2026-02-25 12:51:38,"People also ask,Video preview",500,12000,16000,2015-09-14,"Informational,Non-branded,Non-local",English,"554, 633, 446, 310, 304, 299, 546, 607, 1904, 886, 1015, 446, 364, 368, 253, 241, 239, 201, 266, 190, 178, 200, 220, 258","240, 250, 214, 160, 149, 147, 222, 231, 373, 257, 218, 255, 238",Finance/Financial Planning and Management
4,private equity funds list,us,10,200,2.50,,top private equity firms,2026-03-09 15:58:57,"AI Overview,Thumbnail,Sitelinks,People also ask,Video preview",450,7200,10000,2016-10-05,"Informational,Non-branded,Non-local",English,,,Finance/Investing/Funds
5,forgivable equity builder loan,us,0,200,2.50,,forgivable equity builder loan,2026-03-07 17:38:24,"AI Overview,Video preview,Thumbnail,People also ask,Sitelinks",200,100,100,2022-04-09,"Informational,Branded,Non-local",English,,,Finance/Credit and Lending/Loans; Real Estate
6,gift of equity calculator,us,0,200,1.70,,gift of equity calculator,2026-02-21 15:21:13,"AI Overview,Thumbnail,Video preview,People also ask,Sitelinks",200,100,100,2017-03-07,"Informational,Non-branded,Non-local",English,"260, 216, 211, 216, 216, 184, 221, 153, 143, 127, 183, 221, 278, 226, 227, 182, 203, 166, 162, 147, 112, 113, 158, 179","209, 191, 162, 155, 158, 154, 157, 143, 134, 125, 160, 181, 211",Finance; Real Estate
7,heloc vs home equity loan calculator,us,9,200,3.50,,heloc calculator,2025-12-30 09:45:33,"AI Overview,Sitelinks,People also ask,Bottom ads,Paid sitelinks",200,700,700,2016-03-03,"Informational,Non-branded,Non-local",English,"133, 161, 134, 111, 212, 203, 480, 278, 120, 116, 142, 117, 177, 171, 122, 124, 223, 271, 183, 190, 188, 156, 163, 153","163, 160, 146, 136, 151, 159, 171, 138, 114, 108, 112, 104, 115",Finance/Credit and Lending/Loans
8,pay off home equity loan early calculator,us,5,150,1.90,,heloc payoff calculator,2026-01-05 19:35:33,People also ask,200,900,900,2016-09-05,"Informational,Non-branded,Non-local",English,"228, 224, 226, 229, 231, 194, 241, 164, 192, 194, 240, 192, 239, 189, 195, 154, 208, 135, 151, 129, 106, 90, 137, 132","133, 119, 118, 120, 125, 117, 126, 122, 114, 106, 142, 138, 139",Finance/Credit and Lending/Loans
9,equity dilution calculator,us,0,150,3.50,2.26,equity dilution calculator,2026-02-27 03:06:31,People also ask,300,150,250,2016-01-14,"Informational,Non-branded,Non-local",English,"169, 203, 247, 244, 141, 177, 101, 150, 159, 142, 177, 146, 152, 143, 146, 127, 129, 128, 130, 127, 126, 113, 117, 122","122, 123, 122, 126, 110, 121, 113, 134, 125, 113, 117, 122, 122",Finance/Financial Planning and Management/Asset and Portfolio Management
10,equity curve simulator,us,0,150,3.00,,equity curve simulator,2026-03-07 15:40:02,Sitelinks,1600,20,150,2017-01-12,"Informational,Non-branded,Non-local",English,,,Finance/Investing/Brokerages and Day Trading
11,equity line credit calculator,us,16,150,2.50,,heloc calculator,2026-01-02 18:21:34,"Sitelinks,People also ask",150,79000,81000,2021-02-26,"Informational,Non-branded,Non-local",English,,,Finance/Credit and Lending/Loans
12,private equity dashboard,us,0,150,6.00,,private equity dashboard,2026-02-01 00:59:18,"AI Overview,Thumbnail,Sitelinks",350,90,100,2020-01-14,"Informational,Non-branded,Non-local",English,,,Finance/Investing
13,private equity hospital tracker,us,5,150,,,private equity hospitals,2025-12-26 04:23:03,"Sitelinks,People also ask",150,250,250,2023-08-27,"Informational,Non-branded,Non-local",English,,,Finance/Investing; Health/Medical Facilities and Services/Hospitals and Treatment Centers
14,home equity loan estimator,us,17,150,2.50,,home equity loan calculator,2025-12-25 11:20:15,"Sitelinks,People also ask",200,26000,27000,2018-10-12,"Informational,Commercial,Non-branded,Non-local",English,"109, 129, 141, 210, 618, 94, 90, 87, 70, 72, 105, 109, 157, 114, 117, 128, 145, 159, 141, 131, 97, 100, 116, 113","122, 118, 118, 124, 169, 110, 113, 111, 105, 96, 107, 105, 114",Finance/Credit and Lending/Loans
15,startup equity dilution calculator,us,1,150,1.40,,equity dilution calculator,2026-02-27 00:47:01,,250,300,350,2016-07-11,"Informational,Non-branded,Non-local",English,,,Finance/Financial Planning and Management
16,equity house calculator,us,10,150,2.50,,home equity calculator,2025-12-25 08:01:50,"AI Overview,Sitelinks,People also ask",250,16000,16000,2016-06-03,"Informational,Non-branded,Non-local",English,"148, 148, 139, 133, 117, 106, 91, 102, 101, 97, 110, 88, 155, 142, 162, 105, 129, 127, 111, 125, 97, 117, 121, 120","130, 127, 128, 123, 122, 115, 110, 114, 110, 114, 121, 120, 130",Finance/Financial Planning and Management
17,list of healthcare private equity firms,us,4,150,7.00,,healthcare private equity,2026-01-04 18:15:01,"AI Overview,Thumbnail,Sitelinks,People also ask",200,1100,1100,2015-09-01,"Informational,Non-branded,Non-local",English,"188, 222, 227, 156, 156, 132, 139, 262, 147, 156, 194, 121, 151, 164, 171, 115, 151, 123, 151, 155, 107, 88, 67, 54","61, 57, 51, 71, 0, 76, 56, 78, 56, 59, 50, 39, 44",Finance/Investing; Health
18,calculator equity,us,10,150,1.40,,home equity calculator,2025-12-25 13:17:26,"Sitelinks,People also ask",350,16000,16000,2020-01-11,"Informational,Non-branded,Non-local",English,,,Finance/Financial Planning and Management
19,private equity etf list,us,6,150,2.00,,private equity etf,2026-01-08 04:32:27,"AI Overview,Thumbnail,People also ask,Sitelinks",200,1000,1200,2016-01-28,"Informational,Non-branded,Non-local",English,,,Finance/Investing/Funds
20,cash out refinance vs home equity loan calculator,us,0,150,3.00,,home equity loan vs cash-out refinance calculator,2026-03-16 20:06:53,"Sitelinks,People also ask",150,350,350,2017-01-28,"Informational,Non-branded,Non-local",English,,,Finance/Credit and Lending/Loans
21,co founder equity calculator,us,3,150,,,equity split calculator,2026-01-23 08:41:13,"Sitelinks,People also ask",200,450,600,2016-04-20,"Informational,Non-branded,Non-local",English,,,Business and Industrial/Business Finance/Venture Capital; Business and Industrial/Business Operations/Business Plans and Presentations
22,home equity line of credit rates calculator,us,15,150,2.00,,heloc calculator,2025-12-25 00:00:57,"Sitelinks,People also ask",150,70000,72000,2016-08-11,"Informational,Non-branded,Non-local",English,,,Finance/Credit and Lending/Loans
23,equity split calculator,us,17,100,0.60,1.96,startup equity calculator,2026-03-15 06:56:14,People also ask,150,150,200,2015-09-23,"Informational,Non-branded,Non-local",English,,,Finance/Financial Planning and Management
24,private equity ranking,us,9,100,1.90,,top private equity firms,2025-12-31 16:28:33,"AI Overview,Thumbnail,Sitelinks,People also ask,Top stories",300,5500,5900,2016-06-01,"Informational,Non-branded,Non-local",English,,,Finance/Investing
25,list of middle market private equity firms,us,13,100,3.00,,middle market pe firms,2026-01-01 12:16:33,Sitelinks,100,450,500,2016-07-26,"Informational,Non-branded,Non-local",English,,,Finance/Investing/Funds
26,private equity investment process flow chart,us,6,100,6.00,,private equity deal flow,2026-02-03 20:56:48,Sitelinks,300,450,600,2017-11-23,"Informational,Non-branded,Non-local",English,,,Finance/Investing/Funds
27,home equity conversion mortgage calculator,us,7,100,2.00,,reverse mortgage calculator without personal information,2026-03-20 02:06:16,"People also ask,Sitelinks",150,4000,4100,2015-09-14,"Informational,Branded,Non-local",English,,,Finance/Credit and Lending
28,equity release calculator uk,us,5,100,0.80,,aviva equity release calculator,2026-01-01 23:41:41,"People also ask,Sitelinks",1500,150,4800,2019-08-08,"Informational,Commercial,Non-branded,Non-local",English,,,Finance/Financial Planning and Management/Retirement and Pension
29,home equity monthly payment calculator,us,17,100,2.50,,home equity loan calculator,2025-12-31 12:57:01,"Sitelinks,People also ask",100,34000,34000,2017-05-11,"Informational,Non-branded,Non-local",English,"99, 82, 126, 103, 127, 124, 100, 125, 69, 65, 84, 80, 124, 145, 120, 121, 188, 114, 85, 44, 35, 47, 61, 58","61, 58, 70, 63, 69, 63, 52, 51, 75, 77, 60, 57, 60",Finance/Credit and Lending/Loans
30,lease equity calculator,us,12,100,0.90,,car equity calculator,2025-12-11 09:52:11,"People also ask,Sitelinks",150,100,100,2015-12-16,"Informational,Non-branded,Non-local",English,,,Finance/Financial Planning and Management
31,founders equity calculator,us,14,90,0.90,,equity calculator,2026-03-12 04:50:37,,150,600,600,2015-09-05,"Informational,Non-branded,Non-local",English,,,Finance/Financial Planning and Management
32,middle market private equity firms list,us,15,90,3.00,,top private equity firms,2026-03-10 16:59:37,"AI Overview,Thumbnail,Sitelinks",100,4800,5200,2015-09-17,"Informational,Non-branded,Non-local",English,,,Finance/Investing/Funds
33,mr cooper home equity loan calculator,us,17,90,2.50,,mr cooper heloc rates,2026-01-07 20:22:18,"People also ask,Sitelinks",90,600,600,2019-03-16,"Informational,Commercial,Branded,Non-local",English,,,Finance/Credit and Lending/Loans
34,brand equity tracker,us,2,90,9.00,,brand measurement,2025-12-31 09:21:49,"AI Overview,Thumbnail,People also ask",200,100,100,2020-02-09,"Informational,Non-branded,Non-local",English,,,Business and Industrial/Advertising and Marketing/Brand Management
35,negative equity auto loan calculator,us,16,90,0.80,,negative equity calculator,2026-01-16 06:57:44,"People also ask,Sitelinks",100,1300,1400,2016-08-07,"Informational,Non-branded,Non-local",English,,,Finance/Credit and Lending/Loans
36,home equity loan interest rate calculator,us,16,90,2.00,,home equity loan calculator,2026-01-02 06:14:24,"Sitelinks,AI Overview,People also ask",100,29000,30000,2018-03-14,"Informational,Non-branded,Non-local",English,,,Finance/Credit and Lending/Loans
37,private equity real estate funds list,us,19,90,4.50,,private equity real estate funds list,2026-01-05 02:27:17,People also ask,150,70,70,2016-01-29,"Informational,Non-branded,Non-local",English,,,Finance/Investing/Funds; Real Estate
38,equity calculator startup,us,19,90,1.80,1.94,startup equity calculator,2026-02-25 02:33:02,Sitelinks,150,450,500,2015-09-08,"Informational,Non-branded,Non-local",English,"126, 132, 130, 128, 111, 106, 90, 129, 179, 92, 106, 109, 110, 128, 92, 85, 89, 98, 79, 100, 74, 80, 82, 87","89, 98, 91, 90, 82, 81, 82, 84, 89, 80, 82, 87, 89",Finance/Financial Planning and Management
39,private equity fund of funds list,us,6,90,3.00,,private equity fund of funds list,2025-12-28 01:06:04,"AI Overview,Thumbnail,People also ask,Sitelinks",200,20,20,2015-09-28,"Informational,Non-branded,Non-local",English,,,Finance/Investing/Funds
40,internal equity pay comparison is,us,0,80,2.00,,internal equity,2025-12-26 08:25:55,"AI Overview,Thumbnail,Sitelinks,People also ask",90,300,450,2017-07-21,"Informational,Non-branded,Non-local",English,,,Business and Industrial/Business Operations/Human Resources
41,home equity rate calculator,us,16,80,2.50,,heloc calculator,2025-12-28 12:55:34,"Sitelinks,People also ask,Video preview",100,78000,80000,2015-11-07,"Informational,Commercial,Non-branded,Non-local",English,"50, 52, 53, 45, 50, 40, 40, 47, 1718, 1184, 345, 75, 77, 66, 106, 84, 105, 76, 82, 72, 76, 47, 95, 80",54,Finance/Credit and Lending/Loans
42,private equity firm list,us,14,80,0.00,,largest private equity firms,2026-03-12 14:35:14,AI Overview,100,7200,11000,2016-04-11,"Informational,Non-branded,Non-local",English,,,Finance/Investing
43,home equity line of credit interest calculator,us,12,80,1.00,,heloc payment calculator,2026-01-07 13:38:47,Sitelinks,100,10000,10000,2016-11-21,"Informational,Non-branded,Non-local",English,,,Finance/Credit and Lending/Loans
44,equity release calculator no personal details,us,3,80,1.50,,equity release calculator no personal details,2026-01-07 22:16:42,Sitelinks,1000,200,600,2020-01-11,"Informational,Non-branded,Non-local",English,,,Finance/Financial Planning and Management/Retirement and Pension
45,how much equity in my home calculator,us,14,80,1.70,,home equity calculator,2025-12-26 15:00:22,"Sitelinks,AI Overview,People also ask,Bottom ads,Paid sitelinks",200,16000,16000,2016-08-17,"Informational,Non-branded,Non-local",English,,,Finance; Real Estate
46,equity risk premium chart,us,8,80,2.50,,equity risk premium chart,2025-12-29 09:55:02,"AI Overview,Thumbnail,Sitelinks,People also ask",150,100,150,2016-06-01,"Informational,Non-branded,Non-local",English,,,Finance/Investing/Stocks and Bonds
47,equity value calculator,us,15,80,1.40,,equity value formula,2026-02-18 08:22:28,"Sitelinks,AI Overview,People also ask",100,600,1100,2016-03-10,"Informational,Non-branded,Non-local",English,,,Finance/Investing/Stocks and Bonds
48,startup equity valuation calculator,us,10,80,1.70,,equity calculator startup,2026-03-16 04:54:30,People also ask,100,300,300,2020-03-11,"Informational,Non-branded,Non-local",English,,,Finance/Investing
49,equity release repayment calculator,us,14,70,,,equity release repayment calculator,2026-01-05 16:28:56,"Sitelinks,People also ask",1000,350,1000,2020-01-09,"Informational,Non-branded,Non-local",English,,,Finance/Credit and Lending/Loans
50,va home equity loan calculator,us,11,70,3.50,,va loan calculator,2025-12-29 02:26:43,"People also ask,Sitelinks",80,21000,21000,2016-04-27,"Informational,Non-branded,Non-local",English,,,Finance/Credit and Lending/Loans
51,private equity aum ranking,us,20,70,2.00,,top 100 private equity firms by aum,2026-03-12 13:35:41,"AI Overview,Sitelinks,People also ask",100,400,600,2015-11-02,"Informational,Non-branded,Non-local",English,,,Finance/Investing
52,land equity calculator,us,12,70,1.00,,land loan calculator,2025-12-31 23:56:27,"People also ask,Sitelinks",100,12000,12000,2016-09-13,"Informational,Non-branded,Non-local",English,,,Finance/Financial Planning and Management
53,pay equity calculator,us,4,70,2.50,,pay equity calculator,2026-03-16 15:26:48,People also ask,80,50,50,2020-01-10,"Informational,Non-branded,Non-local",English,,,Finance
54,line of credit home equity calculator,us,16,70,0.00,,heloc calculator,2025-11-29 23:42:29,"Sitelinks,People also ask",90,91000,93000,2016-05-09,"Informational,Non-branded,Non-local",English,,,Finance/Credit and Lending/Loans
55,future home equity calculator,us,3,70,1.30,,home equity calculator,2026-03-02 13:43:52,"Sitelinks,People also ask,Bottom ads,Paid sitelinks",90,1900,2000,2016-05-21,"Informational,Non-branded,Non-local",English,,,Finance/Financial Planning and Management; Real Estate
56,lease calculator with negative equity,us,15,70,,,car lease calculator,2025-12-27 11:47:05,"Sitelinks,People also ask",70,1700,2000,2016-04-17,"Informational,Non-branded,Non-local",English,,,Finance/Credit and Lending
57,usaa home equity loan calculator,us,11,70,4.50,,mortgage quote,2025-11-30 03:40:06,"People also ask,Sitelinks",70,7500,7700,2016-10-14,"Informational,Navigational,Branded,Non-local",English,,,Finance/Credit and Lending/Loans
58,equity release calculator cost,us,10,70,,,heloc calculator,2025-11-28 21:33:55,"Sitelinks,People also ask",300,91000,93000,2020-01-11,"Informational,Non-branded,Non-local",English,,,Finance/Financial Planning and Management/Retirement and Pension
59,how much equity do i have in my home calculator,us,13,70,2.50,,home equity calculator,2025-12-26 08:29:35,"Sitelinks,AI Overview,People also ask",80,16000,16000,2017-04-13,"Informational,Non-branded,Non-local",English,,,Finance/Financial Planning and Management; Real Estate
60,founder equity calculator,us,15,70,2.00,,startup equity calculator,2026-03-20 11:29:21,,150,500,600,2015-11-05,"Informational,Non-branded,Non-local",English,"85, 85, 71, 68, 68, 69, 71, 73, 67, 52, 124, 69, 69, 125, 68, 51, 54, 80, 61, 54, 44, 56, 68, 60","68, 70, 55, 59, 83, 80, 79, 64, 58, 54, 66, 58, 65",Finance/Financial Planning and Management
61,equity release drawdown calculator,us,1,70,,,equity release drawdown calculator,2025-12-30 21:57:44,"People also ask,Sitelinks",350,30,250,2020-02-14,"Informational,Non-branded,Non-local",English,,,Finance/Financial Planning and Management/Retirement and Pension
62,home equity loan calculator monthly payments,us,18,70,0.00,,heloc calculator,2026-01-05 19:33:28,"Top ads,Sitelinks,People also ask,Bottom ads,Paid sitelinks",90,82000,83000,2020-03-17,"Informational,Non-branded,Non-local",English,,,Finance/Credit and Lending/Loans
63,health equity dashboard,us,2,70,3.50,,health equity dashboard,2026-02-19 11:03:57,,80,20,20,2020-06-23,"Informational,Non-branded,Non-local",English,,,Health/Public Health/Health Policy
64,list of small private equity firms,us,4,60,4.50,,small private equity firms,2026-01-04 08:41:48,"People also ask,Sitelinks",70,50,50,2016-07-14,"Informational,Commercial,Non-branded,Non-local",English,,,Finance/Investing/Funds
65,positive equity car calculator,us,16,60,0.70,,ltv calculator,2026-01-01 04:44:28,"People also ask,Sitelinks",80,1600,1700,2020-02-21,"Informational,Non-branded,Non-local",English,,,Finance/Financial Planning and Management
66,home equity loan calculator uk,us,4,60,,,home equity loan calculator uk,2026-01-02 06:45:48,"People also ask,Sitelinks",450,200,8000,2020-01-15,"Informational,Commercial,Non-branded,Non-local",English,,,Finance/Credit and Lending/Loans
67,list of growth equity firms,us,1,60,4.00,,growth equity firms,2026-01-06 01:06:32,Sitelinks,80,400,400,2017-06-01,"Informational,Non-branded,Non-local",English,,,Finance/Investing
68,mortgage calculator equity loan,us,17,60,2.00,,home equity loan calculator,2026-01-02 20:54:40,"People also ask,Sitelinks",80,29000,30000,2017-09-17,"Informational,Commercial,Non-branded,Non-local",English,,,Finance/Credit and Lending/Loans
69,calhfa forgivable equity builder loan,us,2,60,2.50,,forgivable equity builder loan,2025-12-28 05:17:46,"People also ask,Video preview",60,300,300,2022-04-09,"Informational,Branded,Non-local",English,,,Finance/Credit and Lending/Loans; Real Estate
70,equity research ranking,us,0,60,4.00,,institutional investor rankings,2026-03-16 23:12:02,"Sitelinks,People also ask",70,60,60,2015-10-07,"Informational,Non-branded,Non-local",English,,,Finance/Investing/Stocks and Bonds
71,cofounder equity calculator,us,16,60,,,equity split calculator,2026-02-05 06:00:00,,70,500,600,2017-05-22,"Informational,Non-branded,Non-local",English,,,Finance/Financial Planning and Management
72,home equity divorce calculator,us,1,60,1.50,,divorce buyout calculator,2026-03-15 16:21:21,"AI Overview,Thumbnail,Sitelinks,People also ask,Discussions,Video preview",70,800,800,2022-06-23,"Informational,Non-branded,Non-local",English,,,Finance/Financial Planning and Management
73,debt equity ratio calculator,us,3,60,1.10,1.48,debt to equity ratio calculator,2025-12-26 03:22:31,"People also ask,Sitelinks",150,1500,6200,2015-09-03,"Informational,Non-branded,Non-local",English,"118, 139, 96, 68, 66, 63, 127, 130, 418, 190, 225, 96, 76, 76, 52, 54, 50, 38, 55, 40, 35, 39, 71, 78","68, 64, 52, 39, 35, 34, 62, 66, 92, 63, 64, 70, 62",Finance/Financial Planning and Management
74,free equity release calculator,us,8,60,,,equity release repayment calculator,2025-12-27 19:42:27,"People also ask,Sitelinks",450,450,900,2020-01-15,"Informational,Non-branded,Non-local",English,,,Finance/Financial Planning and Management/Retirement and Pension
75,what is my home equity calculator,us,11,50,3.00,,home equity calculator,2025-12-27 03:25:47,"Sitelinks,AI Overview,People also ask",60,16000,16000,2020-01-10,"Informational,Non-branded,Non-local",English,,,Finance/Insurance; Real Estate
76,sweat equity calculator,us,2,50,1.40,,sweat equity,2026-01-04 10:47:28,"Sitelinks,Thumbnail,People also ask",90,150,350,2016-01-31,"Informational,Non-branded,Non-local",English,,,Finance/Financial Planning and Management
77,bridge builder intl equity,us,0,50,,,bridge builder intl equity,2026-02-01 05:44:11,People also ask,50,10,10,2017-05-05,"Informational,Branded,Non-local",English,,,Finance/Investing/Funds
78,co founder equity split calculator,us,3,50,0.60,,equity split calculator,2026-02-25 09:26:15,,100,500,600,2017-11-02,"Informational,Non-branded,Non-local",English,,,Business and Industrial/Business Finance/Venture Capital; Business and Industrial/Business Operations/Business Plans and Presentations; Finance/Financial Planning and Management
79,home equity loan vs line of credit calculator,us,6,50,,,heloc calculator,2025-12-21 14:48:39,"AI Overview,Thumbnail,Sitelinks,People also ask",60,500,500,2020-11-26,"Informational,Non-branded,Non-local",English,,,Finance/Credit and Lending/Loans
80,equity dashboard,us,1,50,3.00,,equity dashboard,2026-01-23 02:23:01,People also ask,90,20,20,2017-01-26,"Informational,Non-branded,Non-local",English,,,Reference/General Reference/Public Records
81,equity startup calculator,us,8,50,3.50,,startup equity calculator,2026-02-25 13:12:17,,80,450,500,2015-11-13,"Informational,Non-branded,Non-local",English,,,Finance/Investing/Stocks and Bonds
82,list of assets liabilities and equity,us,11,50,,,chart of accounts,2026-01-04 21:00:29,"AI Overview,Thumbnail,People also ask",100,2100,4600,2015-09-18,"Informational,Non-branded,Non-local",English,,,Finance/Accounting and Auditing/Bookkeeping
83,texas home equity loan calculator,us,20,50,3.00,,home equity loan calculator,2025-11-26 10:44:34,"AI Overview,Thumbnail,Sitelinks,People also ask",70,112000,114000,2016-12-06,"Informational,Non-branded,Local",English,,,Finance/Credit and Lending/Loans
84,equity release interest calculator,us,5,50,,,heloc calculator,2025-12-30 21:02:49,"Top ads,Paid sitelinks,Sitelinks,People also ask,Bottom ads",500,78000,80000,2020-01-16,"Informational,Non-branded,Non-local",English,,,Finance/Financial Planning and Management/Retirement and Pension
85,private equity fund list,us,18,50,3.00,,private equity list,2026-01-02 08:33:33,"AI Overview,Thumbnail,Sitelinks,People also ask",90,350,400,2016-01-25,"Informational,Non-branded,Non-local",English,,,Finance/Investing/Funds
86,company equity calculator,us,9,50,1.50,,startup equity calculator,2026-02-01 09:13:02,"People also ask,Sitelinks",70,450,500,2016-03-21,"Informational,Non-branded,Non-local",English,,,Finance/Financial Planning and Management/Asset and Portfolio Management
87,business equity calculator,us,17,50,1.10,1.79,business equity calculator,2026-03-19 01:53:47,"People also ask,Sitelinks",90,40,90,2015-09-23,"Informational,Non-branded,Non-local",English,,,Finance/Financial Planning and Management
88,chicago private equity firms list,us,7,50,,,chicago private equity firms,2025-12-31 09:04:39,Sitelinks,50,450,450,2020-02-29,"Informational,Non-branded,Local",English,,,Finance/Investing/Funds
89,list of real estate private equity firms,us,8,50,4.00,,real estate private equity firms,2025-12-27 05:41:19,"Sitelinks,People also ask",80,1700,1900,2016-01-05,"Informational,Non-branded,Non-local",English,,,Business and Industrial/Business Finance/Venture Capital; Real Estate
90,carta equity calculator,us,2,50,4.00,,startup equity calculator,2026-02-24 16:39:32,,60,500,600,2020-01-17,"Informational,Branded,Non-local",English,,,Finance/Financial Planning and Management/Asset and Portfolio Management
91,debt to equity calculator,us,4,50,1.10,1.02,debt to equity ratio,2026-03-10 12:16:50,People also ask,100,15000,19000,2015-09-22,"Informational,Non-branded,Non-local",English,"106, 122, 91, 64, 65, 65, 108, 120, 377, 175, 201, 88, 69, 69, 50, 49, 51, 41, 56, 38, 40, 46, 42, 51","42, 45, 37, 32, 31, 35, 47, 46, 70, 50, 41, 51, 42",Finance/Financial Planning and Management
92,cost of equity capital calculator,us,0,50,2.00,1.18,cost of equity calculator,2025-11-28 12:46:01,"Sitelinks,People also ask",60,700,900,2015-11-19,"Informational,Non-branded,Non-local",English,,,Finance/Investing/Stocks and Bonds
93,home equity interest calculator,us,17,50,1.30,,loan payment calculator,2025-11-27 17:40:24,"Sitelinks,People also ask",60,158000,171000,2016-07-30,"Informational,Non-branded,Non-local",English,,,Finance/Credit and Lending/Loans
94,equity car calculator,us,17,50,0.50,,auto loan calculator,2025-11-28 14:34:38,"AI Overview,Thumbnail,People also ask,Sitelinks",60,55000,56000,2020-12-03,"Informational,Non-branded,Non-local",English,,,Finance/Credit and Lending/Loans
95,401k loan vs home equity loan calculator,us,19,40,2.00,,home equity loan vs 401k loan,2025-12-27 05:12:17,"Sitelinks,People also ask",40,350,350,2016-06-25,"Informational,Non-branded,Non-local",English,,,Finance/Credit and Lending/Loans
96,house equity release calculator,us,11,40,,,equity release calculator,2025-12-01 05:06:02,"Sitelinks,People also ask",150,500,6100,2020-01-12,"Informational,Non-branded,Non-local",English,,,Finance/Financial Planning and Management/Retirement and Pension
97,20000 home equity loan calculator,us,18,40,,,heloc calculator,2026-01-05 00:47:53,"People also ask,Sitelinks",40,82000,83000,2016-01-20,"Informational,Non-branded,Non-local",English,,,Finance/Credit and Lending/Loans
98,equity release comparison,us,12,40,,,lifetime mortgage rates,2025-11-25 21:21:32,"People also ask,Sitelinks",350,450,2200,2020-01-13,"Informational,Commercial,Non-branded,Non-local",English,,,Finance/Financial Planning and Management/Retirement and Pension
99,equity calculator car,us,4,40,0.50,,negative equity calculator,2026-01-03 11:25:01,"AI Overview,Thumbnail,People also ask",50,1300,1400,2016-01-20,"Informational,Non-branded,Non-local",English,,,Finance/Credit and Lending/Loans
100,startup calculator equity,us,10,40,0.00,,startup equity calculator,2026-03-07 09:32:49,Sitelinks,60,600,600,2017-06-19,"Informational,Non-branded,Non-local",English,,,Finance/Financial Planning and Management
101,equity multiple calculator,us,1,40,2.00,,equity multiple formula,2025-11-18 05:12:32,"Sitelinks,People also ask",50,600,800,2015-09-04,"Informational,Non-branded,Non-local",English,,,Finance/Investing
102,gift of equity mortgage calculator,us,7,40,1.30,,gift of equity calculator,2026-01-31 04:38:32,"People also ask,Sitelinks",40,80,80,2016-02-18,"Informational,Non-branded,Non-local",English,,,Finance
103,equity tax calculator,us,9,40,0.80,,capital gains tax calculator,2026-02-26 09:14:31,"People also ask,Sitelinks",70,36000,38000,2016-03-18,"Informational,Non-branded,Non-local",English,,,Finance/Financial Planning and Management/Asset and Portfolio Management
104,private equity name generator,us,1,40,0.20,,private equity name generator,2026-03-04 13:38:28,People also ask,50,20,20,2018-04-09,"Informational,Non-branded,Non-local",English,,,Business and Industrial/Business Finance
105,equity release calculator free,us,9,40,,,equity release repayment calculator,2026-01-07 10:34:38,"People also ask,Sitelinks",200,350,1000,2020-01-13,"Informational,Non-branded,Non-local",English,,,Finance/Financial Planning and Management/Retirement and Pension
106,long/short equity hedge funds list,us,4,40,2.00,,long short equity hedge funds list,2026-03-11 15:29:37,"AI Overview,Thumbnail,Sitelinks",60,50,50,2020-04-03,"Informational,Non-branded,Non-local",English,,,Finance/Investing/Funds
107,long short equity hedge funds list,us,3,40,2.00,,long short equity hedge funds list,2025-12-27 04:36:17,"Sitelinks,People also ask",60,50,50,2017-11-27,"Informational,Non-branded,Non-local",English,,,Finance/Investing/Funds
108,equity multiplier calculator,us,0,40,,1.09,equity multiplier calculator,2025-12-26 14:08:18,"Sitelinks,People also ask",60,20,30,2015-09-03,"Informational,Non-branded,Non-local",English,,,Finance/Financial Planning and Management
109,equity release interest rates calculator,us,20,40,,,heloc calculator,2026-01-05 23:47:48,"Sitelinks,People also ask",350,82000,83000,2020-01-13,"Informational,Non-branded,Non-local",English,,,Finance/Financial Planning and Management
110,list of equity research firms,us,1,40,3.00,,equity research firms,2026-01-04 09:30:32,Sitelinks,60,200,200,2015-09-05,"Informational,Non-branded,Non-local",English,,,Finance/Investing/Stocks and Bonds
111,release equity calculator,us,4,40,3.50,,equity release repayment calculator,2026-01-04 07:30:17,"People also ask,Sitelinks",250,350,1000,2017-06-19,"Informational,Non-branded,Non-local",English,,,Finance/Financial Planning and Management/Retirement and Pension
112,buy to let equity release calculator,us,7,40,,,equity release calculator,2026-03-16 20:33:02,People also ask,350,350,4800,2020-02-21,"Informational,Commercial,Non-branded,Non-local",English,,,Finance/Financial Planning and Management/Retirement and Pension
113,equity payout calculator,us,17,40,1.90,,startup equity calculator,2026-02-28 06:13:53,"People also ask,Sitelinks",50,150,150,2018-09-17,"Informational,Non-branded,Non-local",English,,,Finance/Investing/Stocks and Bonds
114,list of equity accounts,us,1,40,,,equity accounts,2026-01-01 18:57:12,"People also ask,Sitelinks",60,350,700,2015-09-21,"Informational,Non-branded,Non-local",English,,,Finance/Accounting and Auditing
115,equity builder program,us,0,40,0.80,,equity builder program,2026-01-23 02:02:38,"Sitelinks,People also ask",40,20,20,2016-02-11,"Informational,Non-branded,Non-local",English,,,"Finance/Grants, Scholarships and Financial Aid/Government Grants; Real Estate"
116,startup equity compensation calculator,us,11,40,2.00,,startup equity calculator,2026-03-16 08:57:17,"People also ask,Sitelinks",50,500,600,2016-04-19,"Informational,Non-branded,Non-local",English,,,Finance/Financial Planning and Management
117,home equity rates calculator,us,18,40,4.00,,heloc calculator,2025-12-21 16:11:01,"Sitelinks,People also ask",40,73000,75000,2016-08-29,"Informational,Non-branded,Non-local",English,,,Finance/Credit and Lending/Loans
118,equity on home calculator,us,11,40,0.00,,home equity calculator,2025-12-30 21:59:23,"Sitelinks,People also ask",150,16000,16000,2015-12-23,"Informational,Non-branded,Non-local",English,,,Finance/Financial Planning and Management
119,home equity interest only payment calculator,us,13,30,,,interest only calculator,,,30,,,2015-12-01,"Informational,Non-branded,Non-local",English,,,Finance/Credit and Lending/Loans
120,list of lower middle market private equity firms,us,16,30,4.50,,lower middle market private equity firms,2025-11-28 05:21:28,"AI Overview,Thumbnail,Top ads,Paid sitelinks,Sitelinks,Discussions,People also ask,Bottom ads",40,150,150,2017-05-03,"Informational,Non-branded,Non-local",English,,,Business and Industrial/Business Finance/Venture Capital
121,equity release calculator money saving expert,us,4,30,0.40,,martin lewis equity release,2026-03-04 03:50:54,"Sitelinks,People also ask",900,200,6700,2020-01-15,"Informational,Branded,Non-local",English,,,Finance/Financial Planning and Management/Retirement and Pension
122,equity release calculator under 55,us,1,30,,,equity release under 55,2026-02-03 14:23:33,"People also ask,Sitelinks",300,150,1500,2020-01-10,"Informational,Non-branded,Non-local",English,,,Finance/Financial Planning and Management/Retirement and Pension
123,uk equity release calculator,us,4,30,,,aviva equity release calculator,2025-12-28 02:35:03,"People also ask,Sitelinks",200,150,5700,2020-02-02,"Informational,Commercial,Non-branded,Non-local",English,,,Finance/Financial Planning and Management/Retirement and Pension
124,equity release calculator without personal details,us,4,30,2.00,,equity release calculator no personal details,2025-12-24 19:51:17,"AI Overview,Thumbnail,Sitelinks,People also ask",2200,250,700,2020-06-11,"Informational,Non-branded,Non-local",English,,,Finance/Financial Planning and Management/Retirement and Pension
125,list of esg private equity funds,us,6,30,3.50,,esg funds,2026-03-17 21:22:04,"AI Overview,Thumbnail,Sitelinks",70,3900,4500,2021-01-11,"Informational,Non-branded,Non-local",English,,,Finance/Investing/Socially Responsible Investing
126,home equity loans in texas calculator,us,17,30,2.50,,home equity loan calculator,2025-12-23 20:49:14,"Top ads,Paid sitelinks,Sitelinks,People also ask,Bottom ads",30,45000,46000,2020-01-11,"Informational,Commercial,Non-branded,Local",English,,,Finance/Credit and Lending/Loans
127,rolling negative equity into a lease calculator,us,5,30,0.70,,negative equity calculator,2026-01-02 05:43:02,"Sitelinks,People also ask",30,1400,1500,2021-01-23,"Informational,Non-branded,Non-local",English,,,Finance/Credit and Lending/Debt Management
128,home equity calculator uk,us,2,30,,,home equity loan calculator uk,2026-01-01 04:03:27,People also ask,300,40,3500,2020-01-19,"Informational,Non-branded,Non-local",English,,,Finance/Financial Planning and Management
129,private equity merger and acquisition,us,0,30,,,private equity mergers and acquisitions,2026-03-20 16:03:28,"AI Overview,Video preview,People also ask",30,500,800,2020-09-11,"Informational,Non-branded,Non-local",English,,,Finance/Investing
130,home equity buyout calculator,us,2,30,,,divorce buyout calculator,2026-02-10 12:53:27,"Sitelinks,People also ask,Video preview",40,800,800,2023-06-29,"Informational,Non-branded,Non-local",English,,,Finance/Financial Planning and Management; Real Estate/Real Estate Services
131,key equity release calculator,us,1,30,0.45,,key equity release calculator,2026-01-01 17:56:58,"People also ask,Video preview",600,60,1700,2020-03-25,"Informational,Non-branded,Non-local",English,,,Finance/Financial Planning and Management/Retirement and Pension
132,private equity structure chart,us,6,30,3.00,,private equity fund structure,2025-12-29 05:44:14,"Thumbnail,People also ask,Sitelinks",60,700,800,2016-07-29,"Informational,Non-branded,Non-local",English,,,Finance/Investing/Funds
133,private equity placement agents list,us,0,30,,,top private equity placement agents,2026-01-02 04:05:33,,70,200,350,2016-02-14,"Informational,Commercial,Non-branded,Non-local",English,,,Finance/Investing/Funds
134,home equity growth calculator,us,4,30,0.90,,appreciation calculator,2026-02-25 08:59:47,"Sitelinks,People also ask",30,200,200,2015-09-02,"Informational,Non-branded,Non-local",English,,,Finance/Financial Planning and Management
135,aviva equity release calculator,us,2,30,,,equity release calculator uk,2026-03-11 20:09:56,People also ask,1100,100,8600,2020-01-12,"Informational,Navigational,Branded,Non-local",English,,,Finance/Financial Planning and Management/Retirement and Pension
136,car equity loan calculator,us,14,30,1.00,,car equity calculator,2025-12-18 06:12:12,People also ask,40,50,50,2017-05-11,"Informational,Non-branded,Non-local",English,,,Finance/Credit and Lending/Loans
137,mortgage equity accelerator calculator,us,9,30,,,accelerated mortgage payoff calculator,2025-12-25 06:41:16,Sitelinks,30,600,700,2017-12-21,"Informational,Non-branded,Non-local",English,,,Finance/Credit and Lending
138,how much equity can i borrow from my home calculator,us,12,30,5.00,,home equity calculator,2025-12-01 12:16:18,"AI Overview,Sitelinks,People also ask",30,14000,14000,2019-11-13,"Informational,Non-branded,Non-local",English,,,Finance/Credit and Lending/Loans
139,private equity firms ranking,us,10,30,4.00,,top private equity firms,2025-12-27 09:46:33,"Sitelinks,AI Overview,Video preview",60,5000,5500,2015-11-04,"Informational,Non-branded,Non-local",English,,,Finance/Investing
140,list of equity,us,19,30,,,examples of equity in accounting,2026-03-11 06:16:33,"AI Overview,Thumbnail,People also ask,Sitelinks",40,250,700,2016-04-28,"Informational,Non-branded,Non-local",English,,,Finance/Accounting and Auditing/Bookkeeping
141,equity calculator uk,us,3,30,,,home equity calculator uk,2026-01-20 03:52:33,,500,40,3400,2020-01-15,"Informational,Non-branded,Local",English,,,Finance/Financial Planning and Management
142,stock equity calculator,us,15,30,1.50,,stock calculator,2026-03-05 02:33:42,Sitelinks,40,26000,28000,2016-03-03,"Informational,Non-branded,Non-local",English,,,Finance/Investing/Stocks and Bonds
143,fund of funds private equity list,us,9,30,3.00,,fund of funds private equity,2026-01-07 16:27:01,"AI Overview,Sitelinks,People also ask",40,250,300,2017-01-05,"Informational,Non-branded,Non-local",English,,,Finance/Investing/Funds
144,shareholders equity calculator,us,4,30,0.10,1.23,shareholders equity formula,2026-03-06 22:34:42,"People also ask,Video preview",40,1300,2100,2015-10-26,"Informational,Non-branded,Non-local",English,"44, 34, 41, 27, 26, 39, 87, 34, 27, 22, 59, 41, 23, 23, 27, 20, 18, 31, 48, 22, 15, 33, 46, 44","35, 26, 29, 24, 22, 33, 63, 33, 22, 23, 47, 45, 35",Finance/Financial Planning and Management/Asset and Portfolio Management
145,private equity org chart,us,3,30,3.50,,private equity org chart,2026-02-28 11:10:02,People also ask,40,10,10,2016-07-19,"Informational,Non-branded,Non-local",English,,,Finance/Investing
146,startup employee equity calculator,us,6,30,1.80,,startup equity calculator,2026-03-19 11:21:34,People also ask,50,500,600,2015-09-05,"Informational,Non-branded,Non-local",English,"20, 58, 53, 52, 17, 15, 21, 20, 16, 14, 15, 14, 19, 57, 52, 51, 17, 15, 21, 20, 16, 14, 15, 14","19, 57, 52, 51, 17, 15, 21, 20, 16, 14, 15, 14, 19",Finance/Financial Planning and Management
147,equity release uk calculator,us,7,30,1.60,,equity release calculator,2026-03-18 22:52:53,"People also ask,Sitelinks",250,350,5100,2020-01-13,"Informational,Commercial,Non-branded,Non-local",English,,,Finance/Financial Planning and Management/Retirement and Pension
148,salary equity calculator,us,5,30,2.00,,startup equity calculator,2026-02-24 11:57:32,Sitelinks,40,150,150,2017-08-11,"Informational,Non-branded,Non-local",English,,,Finance/Financial Planning and Management
149,dilution calculator equity,us,1,30,1.80,,equity dilution calculator,2026-01-30 14:57:52,"Sitelinks,People also ask",40,300,400,2020-06-07,"Informational,Non-branded,Non-local",English,,,Finance/Financial Planning and Management
150,equity interest calculator,us,20,30,,,bankrate calculator,,,40,,,2016-04-07,"Informational,Non-branded,Non-local",English,,,Finance/Credit and Lending/Loans
151,citizens bank home equity loan calculator,us,3,20,2.50,,citizens heloc calculator,2026-01-06 17:50:13,People also ask,20,1000,1000,2016-12-31,"Informational,Navigational,Commercial,Branded,Non-local",English,,,Finance/Credit and Lending/Loans
152,health equity tracker,us,0,20,1.30,,health equity tracker,2026-03-09 16:49:37,"Sitelinks,People also ask",20,10,10,2021-03-05,"Informational,Branded,Non-local",English,,,Health/Public Health/Health Policy
153,start up equity calculator,us,8,20,2.00,,startup equity calculator,2026-03-08 06:00:48,Sitelinks,20,500,600,2017-07-29,"Informational,Non-branded,Non-local",English,,,Finance/Financial Planning and Management
154,cost of common equity calculator,us,1,20,0.01,1.34,cost of equity calculator,2025-12-25 02:22:11,"Sitelinks,People also ask",20,700,800,2015-09-22,"Informational,Non-branded,Non-local",English,"58, 142, 93, 34, 27, 26, 18, 25, 44, 44, 19, 17, 25, 33, 26, 10, 12, 10, 10, 10, 9, 18, 14, 14",13,Finance/Investing/Stocks and Bonds
155,equity release calculator bbc,us,3,20,0.70,,bbc mortgage calculator,2026-01-08 00:10:39,"People also ask,Sitelinks",800,30,2000,2020-01-15,"Informational,Branded,Non-local",English,,,Finance/Financial Planning and Management/Retirement and Pension
156,divorce equity calculator,us,0,20,0.09,,divorce buyout calculator,2025-12-26 22:31:01,"Sitelinks,People also ask",20,800,800,2016-04-19,"Informational,Non-branded,Non-local",English,,,Finance/Financial Planning and Management; Law and Government/Legal/Family Law
157,cofounder equity split calculator,us,3,20,0.60,,equity split calculator,2026-01-24 15:50:38,,30,450,600,2019-06-17,"Informational,Non-branded,Non-local",English,,,Finance/Financial Planning and Management
158,nab equity builder,us,0,20,,,nab equity builder,2026-02-27 05:01:14,"Sitelinks,People also ask",1500,10,1700,2019-07-24,"Informational,Commercial,Branded,Non-local",English,,,Finance/Investing/Stocks and Bonds
159,best equity release calculator,us,20,20,,,equity release repayment calculator,2026-01-30 10:30:18,"People also ask,Sitelinks",200,350,1000,2020-01-16,"Informational,Non-branded,Non-local",English,,,Finance/Financial Planning and Management/Retirement and Pension
160,asset liability equity chart,us,4,20,,,chart of accounts numbering,2026-03-15 04:12:28,"Video preview,People also ask,Sitelinks",20,1500,2900,2016-09-26,"Informational,Non-branded,Non-local",English,,,Finance/Accounting and Auditing
161,shared equity mortgage calculator,us,7,20,1.10,,shared ownership mortgage calculator,2026-01-05 23:47:54,"Sitelinks,People also ask",150,200,5600,2020-01-10,"Informational,Non-branded,Non-local",English,,,Finance/Credit and Lending
162,startup equity split calculator,us,18,20,1.30,,startup equity calculator,2026-03-08 18:35:35,,40,500,600,2018-03-28,"Informational,Non-branded,Non-local",English,,,Finance/Financial Planning and Management
163,equity loan to value calculator,us,12,20,,,ltv calculator,2026-01-02 20:56:03,"Top ads,People also ask,Bottom ads,Paid sitelinks",20,8200,8800,2018-06-08,"Informational,Non-branded,Non-local",English,,,Finance/Credit and Lending/Loans
164,list of equity reits,us,15,20,0.50,,reits,2026-01-03 10:17:47,"People also ask,Sitelinks",20,2400,2800,2016-02-22,"Informational,Commercial,Non-branded,Non-local",English,,,Finance/Investing/Real Estate Investment Trusts
165,equity compensation calculator,us,5,20,2.00,,equity calculator startup,2026-03-09 01:20:33,"People also ask,Sitelinks",30,300,350,2018-09-24,"Informational,Non-branded,Non-local",English,,,Finance/Financial Planning and Management/Asset and Portfolio Management
166,list of private equity-owned insurance companies,us,1,20,3.50,,list of private equity-owned insurance companies,2026-01-02 05:11:56,"AI Overview,Thumbnail,People also ask,Sitelinks",20,0,0,2022-07-08,"Informational,Non-branded,Non-local",English,,,Business and Industrial/Business Finance/Venture Capital; Finance/Insurance
167,ranking of private equity firms,us,10,20,2.50,,top private equity firms,2025-12-25 08:17:43,"Sitelinks,AI Overview,People also ask,Video preview",30,4900,5400,2017-09-12,"Informational,Non-branded,Non-local",English,,,Finance/Investing
168,equity builder,us,0,20,2.50,,equity builder program,2026-02-10 02:35:52,"People also ask,Local pack",80,20,20,2015-12-09,"Informational,Non-branded,Non-local",English,,,Finance/Financial Planning and Management; Finance/Investing; Real Estate/Real Estate Services
169,age partnership equity release calculator,us,0,20,,,age concern equity release calculator,2026-02-22 16:16:35,People also ask,150,10,800,2020-01-14,"Informational,Branded,Non-local",English,,,Finance/Financial Planning and Management/Retirement and Pension
170,stockholders equity calculator,us,7,20,3.50,1.08,shareholders equity formula,2026-01-25 13:54:32,"People also ask,Video preview",20,1300,1800,2015-09-17,"Informational,Non-branded,Non-local",English,"39, 25, 37, 22, 21, 52, 89, 30, 18, 11, 46, 23, 13, 13, 18, 16, 15, 12, 20, 13, 6, 18, 19, 12","8, 6, 7, 4, 3, 4, 9, 3, 1, 1, 0, 0, 0",Finance/Investing/Stocks and Bonds
171,equity simulator,us,3,20,1.70,,equity curve simulator,2026-03-04 10:35:20,,250,90,400,2016-06-24,"Informational,Non-branded,Non-local",English,,,Finance/Investing/Stocks and Bonds
172,value of equity calculator,us,8,20,1.70,,stock price formula,2025-12-26 02:02:27,"Sitelinks,Bottom ads,Paid sitelinks",30,700,1400,2016-04-01,"Informational,Non-branded,Non-local",English,,,Finance/Investing/Stocks and Bonds
173,payment calculator home equity,us,8,20,0.00,,home equity loan calculator,2026-01-02 00:56:34,"Sitelinks,People also ask",30,34000,34000,2018-09-07,"Informational,Non-branded,Non-local",English,,,Finance/Credit and Lending/Loans
174,ranking private equity firms,us,10,20,2.00,,top private equity firms,2025-12-30 20:10:34,"Sitelinks,AI Overview,People also ask,Video preview",30,5500,5900,2015-09-03,"Informational,Non-branded,Non-local",English,,,Finance/Investing
175,equity list,us,0,20,12.00,,equitylist,2026-03-19 13:51:14,"Sitelinks,People also ask",250,60,450,2017-02-17,"Informational,Branded,Non-local",English,,,Business and Industrial/Business Finance
176,private equity fund of funds ranking,us,0,20,,,,,,30,,,2016-09-23,"Informational,Non-branded,Non-local",English,,,Finance/Investing/Funds
177,charleston county master in equity foreclosure list,us,0,20,0.80,,foreclosures charleston sc,2026-02-24 11:46:32,Video preview,20,400,400,2015-12-01,"Informational,Non-branded,Local",English,,,Real Estate/Real Estate Listings/Bank-Owned and Foreclosed Properties
178,startup equity value calculator,us,9,20,1.70,,startup equity calculator,2026-03-03 08:43:15,Sitelinks,30,150,150,2017-06-09,"Informational,Non-branded,Non-local",English,,,Finance/Investing
179,gift of equity tax calculator,us,10,20,,,gift tax calculator,2026-01-26 14:34:10,"Top ads,Paid sitelinks,People also ask,Sitelinks",20,700,700,2020-02-19,"Informational,Non-branded,Non-local",English,,,Finance/Accounting and Auditing/Tax Preparation and Planning
180,using equity to buy investment property calculator,us,6,20,,,rental property calculator,2025-12-03 22:59:03,"People also ask,Discussions,Sitelinks",200,36000,40000,2020-03-06,"Informational,Non-branded,Non-local",English,,,Finance/Financial Planning and Management/Asset and Portfolio Management; Finance/Investing/Real Estate Investment Trusts; Real Estate
181,equity buyout calculator,us,2,20,,,divorce buyout calculator,2026-02-02 05:51:17,"Sitelinks,People also ask,Video preview",20,800,800,2019-09-30,"Informational,Non-branded,Non-local",English,,,Finance/Financial Planning and Management
182,front equity calculator,us,17,20,,,startup equity calculator,2026-02-01 07:56:32,"Sitelinks,People also ask",20,450,500,2017-10-25,"Informational,Branded,Non-local",English,,,Finance/Financial Planning and Management
183,car lease equity calculator,us,12,20,0.60,,lease equity calculator,2026-01-07 06:40:09,"People also ask,Sitelinks",30,150,150,2015-12-22,"Informational,Non-branded,Non-local",English,,,Finance/Financial Planning and Management
184,equity cost of capital calculator,us,0,20,2.00,,cost of equity calculator,2025-11-28 12:56:45,"AI Overview,Thumbnail,People also ask,Sitelinks",30,700,900,2015-11-02,"Informational,Non-branded,Non-local",English,,,Finance/Investing/Stocks and Bonds
185,equity dilution calculator excel,us,1,20,,,equity dilution calculator excel,2026-02-02 15:30:38,"People also ask,Sitelinks",30,10,10,2017-09-25,"Informational,Branded,Non-local",English,,,Finance/Financial Planning and Management/Asset and Portfolio Management
186,equity tracker,us,6,20,,,equity tracker,2026-03-17 08:41:47,"AI Overview,Video preview,Thumbnail,People also ask",60,0,0,2015-11-01,"Informational,Commercial,Non-branded,Non-local",English,,,Finance/Investing/Stocks and Bonds
187,home equity debt consolidation loan calculator,us,16,20,5.00,,heloc vs credit card calculator,2026-01-21 14:45:29,"People also ask,Sitelinks",20,40,40,2017-06-08,"Informational,Non-branded,Non-local",English,,,Finance/Credit and Lending/Loans
188,assets = liabilities + equity chart,us,9,20,,,chart of accounts,2026-01-26 15:04:41,People also ask,70,2600,5300,2017-01-25,"Informational,Non-branded,Non-local",English,,,Finance/Accounting and Auditing/Bookkeeping
189,age concern equity release calculator,us,2,20,,,age concern equity release calculator,2025-12-24 23:11:36,"People also ask,Sitelinks",60,10,250,2020-01-20,"Informational,Branded,Non-local",English,,,Finance/Financial Planning and Management/Retirement and Pension
190,equity curve calculator,us,2,20,,,equity curve simulator,2026-02-27 16:00:01,Sitelinks,70,50,250,2018-05-14,"Informational,Non-branded,Non-local",English,,,Finance/Investing/Brokerages and Day Trading
191,distressed private equity firms list,us,3,20,4.00,,private equity distressed investing,2026-01-06 23:17:36,"Sitelinks,People also ask",30,60,60,2018-03-03,"Informational,Non-branded,Non-local",English,,,Finance/Investing
192,future equity calculator,us,1,20,1.60,,appreciation calculator,2026-03-04 11:15:03,,50,200,200,2016-01-20,"Informational,Non-branded,Non-local",English,,,Finance/Financial Planning and Management/Asset and Portfolio Management
193,home equity loan uk calculator,us,17,20,,,home equity loan calculator uk,2026-01-23 01:20:20,"People also ask,Sitelinks,Bottom ads",250,150,8100,2019-01-17,"Informational,Commercial,Non-branded,Non-local",English,,,Finance/Credit and Lending/Loans
194,auto equity calculator,us,17,20,0.50,,ltv calculator car,2025-11-20 03:22:32,People also ask,20,800,800,2015-11-19,"Informational,Non-branded,Non-local",English,,,Finance/Credit and Lending/Loans
195,equity chart of accounts,us,1,20,5.00,,chart of accounts,2026-03-14 19:14:45,"People also ask,Sitelinks",40,2700,7700,2015-09-17,"Informational,Non-branded,Non-local",English,,,Finance/Accounting and Auditing/Bookkeeping
196,home equity credit line payment calculator,us,18,10,,,,,,10,,,2018-06-20,"Informational,Non-branded,Non-local",English,,,Finance/Credit and Lending/Loans
197,equity formula calculator,us,4,10,0.90,,assets liabilities equity calculator,2026-03-12 22:15:26,"People also ask,Sitelinks",10,10,10,2016-01-22,"Informational,Non-branded,Non-local",English,,,Finance/Financial Planning and Management; Finance/Investing/Stocks and Bonds
198,owner's equity calculator,us,4,10,1.10,,owners equity calculator,2026-02-28 14:49:59,People also ask,10,0,0,2016-03-14,"Informational,Non-branded,Non-local",English,,,Finance/Accounting and Auditing/Bookkeeping
199,assets liabilities equity calculator,us,5,10,,,assets liabilities equity calculator,2026-01-30 05:41:03,Video preview,20,10,10,2015-10-13,"Informational,Non-branded,Non-local",English,,,Finance/Accounting and Auditing/Bookkeeping; Finance/Financial Planning and Management/Asset and Portfolio Management
200,home equity loan line of credit calculator,us,15,10,0.00,,heloc calculator,2026-01-03 19:43:54,"Top ads,Sitelinks,People also ask,Bottom ads,Paid sitelinks",10,82000,83000,2016-04-23,"Informational,Non-branded,Non-local",English,,,Finance/Credit and Lending/Loans
201,how much equity in my house calculator,us,14,10,1.70,,how to calculate home equity,2025-11-23 17:06:45,"Sitelinks,AI Overview,People also ask",20,13000,13000,2016-06-17,"Informational,Non-branded,Non-local",English,,,Finance; Real Estate
202,cost of equity calculator capm,us,3,10,,,cost of equity calculator,2025-12-16 16:55:34,Sitelinks,10,200,300,2015-11-02,"Informational,Non-branded,Non-local",English,,,Finance/Investing/Stocks and Bonds
203,home equity loan for pool calculator,us,1,10,2.00,,pool loan calculator,2025-12-30 02:16:17,"People also ask,Sitelinks",10,600,700,2021-07-30,"Informational,Commercial,Non-branded,Non-local",English,,,Finance/Credit and Lending/Loans
204,navy federal equity loan calculator,us,17,10,2.50,,home equity loan calculator,2026-01-13 00:05:39,"Top ads,Paid sitelinks,People also ask,Bottom ads",10,30000,31000,2019-03-03,"Informational,Navigational,Branded,Non-local",English,,,Finance/Credit and Lending/Loans
205,real estate private equity firms list,us,6,10,,,,,,30,,,2016-01-01,"Informational,Non-branded,Non-local",English,,,Business and Industrial/Business Finance/Venture Capital; Finance/Investing/Real Estate Investment Trusts
206,list of tax equity investors,us,1,10,0.90,,largest tax equity investors,2025-12-27 18:44:32,People also ask,20,20,20,2017-01-11,"Informational,Non-branded,Non-local",English,,,Finance/Investing
207,equity do not work list,us,0,10,,,equity do not work list,2025-11-25 08:58:42,"Sitelinks,Video preview,People also ask",20,20,20,2018-03-01,"Informational,Branded,Non-local",English,,,Jobs and Education/Jobs/Career Resources and Planning
208,nationwide equity release calculator,us,1,10,,,nationwide lifetime mortgage,2026-01-05 07:53:01,"People also ask,Sitelinks",200,0,60,2020-02-04,"Informational,Commercial,Non-branded,Non-local",English,,,Finance/Financial Planning and Management/Retirement and Pension
209,return on equity calculator online,us,2,10,,,,,,10,,,2016-05-17,"Informational,Non-branded,Non-local",English,,,Finance/Financial Planning and Management/Asset and Portfolio Management
210,equity risk premium calculator,us,11,10,2.50,,equity risk premium formula,2025-12-01 03:05:28,"Sitelinks,AI Overview,People also ask,Video preview",10,350,800,2016-09-26,"Informational,Non-branded,Non-local",English,,,Finance/Investing/Stocks and Bonds
211,equity calculator business,us,20,10,0.90,,business equity calculator,2026-03-05 19:57:30,"People also ask,Sitelinks",20,40,100,2016-12-07,"Informational,Non-branded,Non-local",English,,,Finance/Financial Planning and Management
212,startup equity calculator excel,us,8,10,2.50,,equity calculator,2025-12-29 09:05:24,"Sitelinks,People also ask",20,600,700,2016-06-04,"Informational,Branded,Non-local",English,,,Finance/Financial Planning and Management
213,comparison between investment in equity and mutual fund,us,0,10,,,equity funds vs mutual funds,2025-12-26 17:27:39,"People also ask,Sitelinks",150,70,100,2020-09-07,"Informational,Non-branded,Non-local",English,,,Finance/Investing/Funds; Finance/Investing/Stocks and Bonds
214,releasing equity calculator,us,4,10,3.50,,equity release repayment calculator,2026-01-08 04:35:47,"AI Overview,People also ask,Sitelinks",70,350,1000,2021-04-13,"Informational,Non-branded,Non-local",English,,,Finance/Financial Planning and Management/Retirement and Pension
215,secu home equity loan calculator,us,1,10,,,secu home equity loan,2025-12-26 16:48:17,"Sitelinks,People also ask",10,100,100,2020-03-21,"Informational,Commercial,Branded,Non-local",English,,,Finance/Credit and Lending/Loans
216,california forgivable equity builder loan,us,2,10,2.00,,forgivable equity builder loan,2026-02-01 20:02:29,"AI Overview,Thumbnail,People also ask",10,300,300,2022-05-02,"Informational,Branded,Local",English,,,Finance/Credit and Lending/Loans; Real Estate
217,list of hospitals owned by private equity near me,us,17,10,,,private equity hospitals,2026-01-01 13:57:02,People also ask,10,450,450,2023-12-26,"Informational,Non-branded,Local",English,,,Health/Medical Facilities and Services/Hospitals and Treatment Centers
218,equity split calculator divorce,us,0,10,,,divorce buyout calculator,2026-03-16 14:38:25,"Sitelinks,People also ask",20,50,50,2016-04-03,"Informational,Non-branded,Non-local",English,,,Finance/Financial Planning and Management
219,list of private equity firms in los angeles,us,0,10,,,private equity los angeles,,,10,,,2016-09-01,"Informational,Non-branded,Local",English,,,Finance/Investing/Funds
220,s&p 500 equity risk premium chart,us,3,10,1.80,,equity risk premium chart,2026-01-07 18:06:31,"AI Overview,Thumbnail,Sitelinks,People also ask",20,100,100,2021-03-03,"Informational,Branded,Non-local",English,,,Finance/Investing/Stocks and Bonds
221,how much equity do i have calculator,us,12,10,1.70,,home equity calculator,2025-12-28 08:04:17,"Sitelinks,AI Overview,Thumbnail,People also ask",10,15000,16000,2016-01-29,"Informational,Non-branded,Non-local",English,,,Finance; Real Estate
222,equity builder loan,us,1,10,2.50,,equity builder program,2026-01-17 01:04:01,"People also ask,Discussions",30,20,20,2018-03-20,"Informational,Non-branded,Non-local",English,,,Finance/Credit and Lending/Loans
223,weight of equity calculator,us,1,10,,,wacc calculator,2026-03-05 09:37:28,"People also ask,Sitelinks",10,2200,3000,2016-04-20,"Informational,Non-branded,Non-local",English,,,Finance/Financial Planning and Management/Asset and Portfolio Management
224,chart of accounts equity,us,3,10,5.00,,equity accounts,2026-01-05 23:38:29,"AI Overview,Thumbnail,People also ask,Sitelinks,Bottom ads,Paid sitelinks",10,20,20,2017-12-18,"Informational,Non-branded,Non-local",English,,,Finance/Accounting and Auditing/Bookkeeping
225,house equity split calculator,us,5,10,1.20,,divorce buyout calculator,2026-03-18 21:33:47,"Sitelinks,People also ask",10,800,800,2017-01-17,"Informational,Non-branded,Non-local",English,,,Finance/Financial Planning and Management; Law and Government/Legal/Family Law
226,debt equity calculator,us,19,10,,,debt to equity ratio,2026-03-20 13:20:31,People also ask,20,13000,23000,2015-09-10,"Informational,Non-branded,Non-local",English,,,Finance/Financial Planning and Management
227,owners equity calculator,us,0,10,1.10,0.7,how to calculate owner's equity,2026-03-10 03:54:32,"People also ask,Video preview",60,700,1300,2015-10-29,"Informational,Non-branded,Non-local",English,,,Finance/Accounting and Auditing/Bookkeeping
228,sunlife equity release calculator,us,3,10,,,sunlife equity release calculator,2026-03-03 23:33:40,"People also ask,Sitelinks,Video preview",60,0,150,2020-01-10,"Informational,Navigational,Branded,Non-local",English,,,Finance/Financial Planning and Management/Retirement and Pension
229,private equity firm ranking,us,15,10,0.00,,top private equity firms,2026-03-19 00:53:23,"AI Overview,Thumbnail,Sitelinks,People also ask,Video preview",30,4900,5300,2020-01-10,"Informational,Non-branded,Non-local",English,,,Finance/Investing
230,shared equity calculator,us,2,10,1.60,,shared ownership budget calculator,2026-03-18 20:35:53,Sitelinks,30,100,3200,2018-01-08,"Informational,Non-branded,Non-local",English,,,Finance/Financial Planning and Management
231,calculator for equity release,us,8,10,3.50,,equity release repayment calculator,2026-01-04 20:09:12,"AI Overview,Thumbnail,People also ask,Sitelinks",250,350,1000,2021-07-22,"Informational,Non-branded,Non-local",English,,,Finance/Financial Planning and Management/Retirement and Pension
232,schwab equity ratings list,us,0,10,1.00,,a rated stocks,2026-02-21 19:05:31,"AI Overview,Thumbnail,People also ask",10,60,70,2016-07-15,"Informational,Branded,Non-local",English,,,Finance/Investing/Stocks and Bonds
233,market value of equity calculator,us,8,10,1.60,,market value of equity,2025-11-26 07:14:52,"Sitelinks,People also ask",20,800,1500,2015-10-16,"Informational,Non-branded,Non-local",English,,,Finance/Investing/Stocks and Bonds
234,return on common stockholders equity calculator,us,5,10,,,roe calculator,2025-11-30 22:40:47,"People also ask,Sitelinks",10,400,600,2015-09-30,"Informational,Non-branded,Non-local",English,,,Finance/Investing/Stocks and Bonds
235,assets = liabilities equity chart,us,6,10,,,what is the accounting equation,2026-03-11 08:47:26,"People also ask,Video preview",60,900,4100,2020-09-28,"Informational,Non-branded,Non-local",English,,,Finance/Accounting and Auditing/Bookkeeping
236,list of private equity firms in new york,us,0,10,3.00,,private equity firms nyc,2026-01-05 04:50:35,"Local pack,Sitelinks,People also ask",10,450,450,2016-06-17,"Informational,Non-branded,Local",English,,,Finance/Investing/Funds
237,global equity tracker,us,0,10,,,global equity tracker,2025-12-31 05:51:38,People also ask,50,0,0,2020-01-23,"Informational,Non-branded,Non-local",English,,,Finance/Investing/Funds
238,edward jones equity income buy list,us,0,10,4.50,,edward jones stock focus list,2026-03-19 02:04:32,"AI Overview,People also ask",20,50,50,2018-01-18,"Informational,Branded,Non-local",English,,,Finance/Investing/Stocks and Bonds
239,equity ratio calculator,us,2,10,,,equity percentage,2026-01-05 23:45:01,"Sitelinks,People also ask",40,100,300,2015-12-03,"Informational,Non-branded,Non-local",English,,,Finance/Financial Planning and Management
240,free equity release calculator uk,us,4,10,,,key equity release calculator,2026-03-16 14:03:28,People also ask,200,20,3600,2020-01-12,"Informational,Non-branded,Local",English,,,Finance/Financial Planning and Management/Retirement and Pension
241,shark tank equity calculator,us,0,10,,,shark tank valuation calculator,2025-12-20 00:23:02,"People also ask,Sitelinks",20,150,150,2018-09-06,"Informational,Branded,Non-local",English,,,Finance/Financial Planning and Management
242,"using the following information, prepare a trial balance. assume all asset, dividend, and expense accounts have debit balances and all liability, stockholders’ equity, and revenue accounts have credit balances. list the accounts in the following order: assets, liabilities, stockholders’ equity, dividends, revenues, and expenses.",us,0,,,,is dividends a debit or credit on trial balance,2024-03-18 09:17:54,"Thumbnail,People also ask,Image pack",,0,,,,,,,
243,capm cost of equity calculator,us,2,,,,cost of equity calculator,2026-03-04 10:01:59,"Sitelinks,People also ask",,200,300,2015-11-11,"Informational,Non-branded,Non-local",English,,,Finance/Investing/Stocks and Bonds
244,tsa pay equity chart 2023,us,8,,,,gs pay scale 2025,2025-11-19 08:10:04,"Sitelinks,People also ask",,2500,2500,2023-05-05,"Informational,Branded,Non-local",English,,,Finance
245,list of equity issuers,us,10,,,,six swiss exchange,2026-01-07 03:55:29,People also ask,,0,20,2021-12-15,"Informational,Non-branded,Non-local",English,,,Finance/Investing/Stocks and Bonds
246,monopoly go equity extravaganza milestones list,us,0,,,,equity extravaganza monopoly go rewards,2025-12-25 10:49:26,People also ask,,0,0,2023-11-03,"Informational,Branded,Non-local",English,,,Games/Computer and Video Games/Gaming Reference and Reviews
247,equity beta calculator,us,1,,,,unlevered beta calculator,2026-02-02 20:02:18,Sitelinks,,30,30,2017-04-11,"Informational,Non-branded,Non-local",English,,,Finance/Investing/Stocks and Bonds
248,total stockholders equity calculator,us,10,,,,shareholders equity formula,2026-03-17 18:07:17,"People also ask,Video preview",,1200,1900,2018-03-15,"Informational,Non-branded,Non-local",English,,,Finance/Investing/Stocks and Bonds
249,accounting equity calculator,us,19,,,,accounting calculator,,,,,,2016-08-28,"Informational,Non-branded,Non-local",English,,,Finance/Accounting and Auditing/Bookkeeping
250,home equity calculator interest only,us,14,,,,interest only calculator,,,,,,2016-08-23,"Informational,Non-branded,Non-local",English,,,Finance/Credit and Lending/Loans
251,spotify creator equity fund,us,5,,,,spotify creator equity fund,2026-03-14 17:41:21,People also ask,,0,0,2022-08-15,"Informational,Branded,Non-local",English,,,"Finance/Grants, Scholarships and Financial Aid/Study Grants and Scholarships"
252,equity extravaganza monopoly go prize list,us,0,,,,monopoly go equity extravaganza,2026-01-05 04:27:54,"Thumbnail,People also ask",,0,10,2023-11-03,"Informational,Branded,Non-local",English,,,Games/Computer and Video Games/Gaming Reference and Reviews
253,cost of equity capm calculator,us,1,,,,cost of equity calculator,2026-03-02 04:18:51,Sitelinks,,200,300,2015-09-13,"Informational,Non-branded,Non-local",English,,,Finance/Investing/Stocks and Bonds
254,loandepot home equity loan calculator,us,2,,6.00,,heloc loan,2026-03-12 14:15:47,"AI Overview,Thumbnail,People also ask,Sitelinks,Video preview",,900,900,2019-10-11,"Informational,Navigational,Commercial,Branded,Non-local",English,,,Finance/Credit and Lending/Loans
255,"""my lady, never a man in the wide world should have a fault to find with you. your name has gone out under heaven like the sweet honor of some god-fearing king, who rules in equity over the strong: his black lands bear both wheat and barley, fruit trees laden bright, new lambs at lambing time—and the deep sea gives great hauls of fish by his good strategy, his folk fare well.” based on the epic simile, the reader should envision penelope as a queen who is",us,0,,,,"read the passage from the odyssey - penelope. ""my lady, never a man in the wide world should have a fault to find with you. your name has gone out under heaven like the sweet honor of some god-fearing king, who rules in equity over the strong: his black lands bear both wheat and barley, fruit trees laden bright, new lambs at lambing time—and the deep sea gives great hauls of fish by his good strategy, his folk fare well.” based on the epic simile, the reader should envision penelope as a queen who is conscientious. decisive. judgmental. righteous.",2024-03-19 07:22:06,"People also ask,Image pack",,350,,,,,,,
256,"""my lady, never a man in the wide world should have a fault to find with you. your name has gone out under heaven like the sweet honor of some god-fearing king, who rules in equity over the strong: his black lands bear both wheat and barley, fruit trees laden bright, new lambs at lambing time—and the deep sea gives great hauls of fish by his good strategy, his folk fare well.” based on the epic simile, the reader should envision penelope as a queen who is conscientious. decisive. judgmental. righteous.",us,0,,,,"read the passage from the odyssey - penelope. ""my lady, never a man in the wide world should have a fault to find with you. your name has gone out under heaven like the sweet honor of some god-fearing king, who rules in equity over the strong: his black lands bear both wheat and barley, fruit trees laden bright, new lambs at lambing time—and the deep sea gives great hauls of fish by his good strategy, his folk fare well.” based on the epic simile, the reader should envision penelope as a queen who is conscientious. decisive. judgmental. righteous.",2024-03-16 17:10:12,"People also ask,Image pack",,350,,,,,,,
257,return on common equity calculator,us,11,,,,roe calculator,2025-12-25 23:39:48,"People also ask,Sitelinks",,400,600,2015-09-23,"Informational,Non-branded,Non-local",English,,,Finance/Investing/Stocks and Bonds
258,"when you compare your situation with that of a comparison other, you realize that your ratio of outcomes to inputs is significantly less than the other person's. according to equity theory, you would now perceive yourself to be in which state?",us,0,,,,"when you compare your situation with that of a comparison other, you realize that your ratio of outcomes to inputs is significantly less than the other person's. according to equity theory, you would now perceive yourself to be in which state?",2024-03-31 01:51:15,"Featured snippet,People also ask,Image pack",,0,,,,,,,
259,interest only equity line calculator,us,8,,,,interest only calculator,,,,,,2016-09-02,"Informational,Non-branded,Non-local",English,,,Finance/Credit and Lending/Loans
260,"after comparing your situation with that of a comparison other, you realize that your ratio of outcomes and inputs is greater than the other person's. according to equity theory, this is what type of a situation?",us,0,,,,process theories of motivation,2024-03-19 13:41:03,"Featured snippet,People also ask,Image pack",,350,,,,,,,
261,stockholder equity calculator,us,6,,,,shareholders equity formula,2026-03-05 08:20:32,"People also ask,Video preview",,1300,2100,2015-12-14,"Informational,Non-branded,Non-local",English,,,Finance/Investing/Stocks and Bonds
262,edward jones equity income buy list 2023,us,0,,4.00,,edward jones equity income buy list 2023,2025-12-26 10:15:01,"Sitelinks,People also ask",,0,0,2023-02-13,"Informational,Branded,Non-local",English,,,Finance/Investing/Stocks and Bonds
263,weekly equity fund flows chart,us,14,,1.30,,etf flow,2026-03-18 14:09:33,Sitelinks,,0,0,2020-12-25,"Informational,Non-branded,Non-local",English,,,Finance/Investing/Funds
264,return on equity ratio calculator,us,14,,,,roe calculator,2026-03-10 03:31:15,"People also ask,Sitelinks,Video preview",10,300,500,2015-09-03,"Informational,Non-branded,Non-local",English,,,Finance/Investing
265,debt-equity ratio calculator,us,4,,0.00,,debt to equity ratio,2026-03-20 11:00:13,People also ask,10,13000,23000,2015-09-22,"Informational,Non-branded,Non-local",English,,,Finance/Financial Planning and Management
266,schwab equity rating a stocks list,us,0,,,,a rated stocks,2026-01-02 01:58:34,"People also ask,AI Overview,Sitelinks",,70,80,2020-12-23,"Informational,Branded,Non-local",English,,,Finance/Investing/Stocks and Bonds
267,"parker ross owns a service business called ross hair care, which uses these accounts. in order to create a chart of accounts, you must first classify each account. for each account, select the type of account (assets, liabilities, owner’s equity, revenue, expenses) in the appropriate classification column.",us,0,,,,"parker ross owns a service business called ross hair care, which uses these accounts. in order to create a chart of accounts, you must first classify each account. for each account, select the type of account (assets, liabilities, owner’s equity, revenue, expenses) in the appropriate classification column.",2024-03-31 08:47:46,,,0,,,,,,,
268,"below is a list of activities for jayhawk corporation. required: select whether the transaction increases or decreases assets, liabilities, and stockholders' equity. leave blank if no effect. the first item is provided as an example.",us,0,,,,,2024-03-20 18:29:38,"Thumbnail,Image pack,People also ask",,,,,,,,,
269,mercer pay equity calculator,us,0,,,,pay equity tool,2026-03-15 20:58:13,Sitelinks,,20,20,2020-02-20,"Informational,Branded,Non-local",English,,,Business and Industrial/Business Operations/Human Resources
270,cost of common equity capital calculator,us,3,,,,,,,,,,2016-08-27,"Informational,Non-branded,Non-local",English,,,Finance/Investing/Stocks and Bonds
271,equity calculator accounting,us,4,,,,assets liabilities equity calculator,2026-03-08 15:40:10,"People also ask,Video preview",,10,10,2015-09-09,"Informational,Non-branded,Non-local",English,,,Finance/Accounting and Auditing
272,"which of the following statements is most consistent with the data shown in the table? responses there are a large number of women in the spanish legislature, but few women have been elected in kuwait. there are a large number of women in the spanish legislature, but few women have been elected in kuwait. spain and kuwait are countries that have very similar levels of economic and social development. spain and kuwait are countries that have very similar levels of economic and social development. an increase in per capita wealth will almost always result in an improvement in gender equity in a country. an increase in per capita wealth will almost always result in an improvement in gender equity in a country. spain and kuwait are countries that have very different levels of economic development. spain and kuwait are countries that have very different levels of economic development. there is a close correlation between the two statistics displayed on the chart above.",us,3,,,,which of the following statements is most consistent with the data shown in the table?,2024-03-21 02:45:10,People also ask,,200,,,,,,,
273,cost of equity calculator with beta,us,0,,,,cost of equity calculator,2026-01-05 01:15:01,"Sitelinks,People also ask",,600,800,2015-12-04,"Informational,Non-branded,Non-local",English,,,Finance/Investing/Stocks and Bonds
274,"read the passage from the odyssey - penelope. ""my lady, never a man in the wide world should have a fault to find with you. your name has gone out under heaven like the sweet honor of some god-fearing king, who rules in equity over the strong: his black lands bear both wheat and barley, fruit trees laden bright, new lambs at lambing time—and the deep sea gives great hauls of fish by his good strategy, his folk fare well.” based on the epic simile, the reader should envision penelope as a queen who is conscientious. decisive. judgmental. righteous.",us,0,,,,"read the passage from the odyssey - penelope. ""my lady, never a man in the wide world should have a fault to find with you. your name has gone out under heaven like the sweet honor of some god-fearing king, who rules in equity over the strong: his black lands bear both wheat and barley, fruit trees laden bright, new lambs at lambing time—and the deep sea gives great hauls of fish by his good strategy, his folk fare well.” based on the epic simile, the reader should envision penelope as a queen who is conscientious. decisive. judgmental. righteous.",2024-04-02 14:33:44,"People also ask,Image pack",,0,,,,,,,
275,average common stockholders equity calculator,us,6,,,,shareholders equity formula,2026-03-12 21:56:52,"Sitelinks,People also ask",,1200,1900,2016-05-05,"Informational,Non-branded,Non-local",English,,,Finance/Investing/Stocks and Bonds
276,return on common stockholders’ equity calculator,us,6,,,1.31,roe calculator,2026-03-19 18:42:50,People also ask,,250,400,2015-12-14,"Informational,Non-branded,Non-local",English,"15, 27, 10, 11, 5, 10, 10, 0, 0, 18, 7, 3, 2, 0, 0, 0, 0, 0, 0, 0, 0, 0, 0, 0",1,Finance/Investing/Stocks and Bonds
277,memo spotify creator equity fund february,us,7,,,,memo spotify 100m creator equity fund,2024-03-30 00:53:17,"Featured snippet,People also ask,Image pack",,0,,,,,,,
278,penfed home equity loan calculator,us,16,,3.00,,penfed mortgage calculator,2026-03-19 22:13:17,People also ask,,200,500,2020-02-23,"Informational,Navigational,Commercial,Branded,Non-local",English,,,Finance/Credit and Lending/Loans
279,forgivable equity builder grant,us,0,,,,forgivable equity builder loan,2026-03-18 01:47:48,"People also ask,Video preview",,100,100,2023-09-08,"Informational,Non-branded,Non-local",English,,,"Finance/Grants, Scholarships and Financial Aid/Government Grants; Real Estate"
280,memo spotify 100m creator equity february,us,8,,,,memo spotify 100m creator equity fund,2024-03-29 18:09:44,"Featured snippet,People also ask,Image pack",,0,,,,,,,
281,debt to owners equity ratio calculator,us,2,,,,debt to equity ratio,2026-03-01 02:47:58,"Sitelinks,People also ask",,12000,16000,2015-09-18,"Informational,Non-branded,Non-local",English,,,Finance/Financial Planning and Management
282,equity theatre list,us,5,,,,equity theatre list,2026-01-02 20:18:02,Sitelinks,30,0,0,2016-07-12,"Informational,Non-branded,Non-local",English,,,Arts and Entertainment/Performing Arts/Acting and Theater
283,under what major chart of accounts division are the owners' equity accounts for a corporation normally listed?,us,1,,,,,2024-03-17 09:27:07,"Featured snippet,People also ask,Image pack",,,,,,,,,
284,"fortune publishes data on sales, profits, assets, stockholders' equity, market value, and earnings per share for the 500 largest u.s. industrial corporations every year. assume that you want to select a simple random sample of 10 corporations from the fortune 500 list. use the last three digits in column 6 of the table of random numbers, beginning with 714. read down the column and identify the numbers of the 10 corporations that would be selected. (enter your answers as a comma-separated list.)",us,0,,,,,2024-03-21 03:49:08,"Thumbnail,Image pack",,,,,,,,,
285,list of equity theatres,us,0,,,,equity theatre list,2026-01-05 01:24:03,,,0,0,2016-12-31,"Informational,Non-branded,Non-local",English,,,Arts and Entertainment/Performing Arts/Acting and Theater
286,"the balance sheet presents multiple choice an explanation of the changes in the beginning and ending balances of stockholders’ equity. a comparison of the benefits and the sacrifices a company experiences from its operations. information in three categories including operating, investing, and financial activities. a list of a company’s assets and the sources of those assets.",us,0,,,,the balance sheet presents,2024-03-13 20:02:35,Image pack,,0,,,,,,,
287,monopoly go equity extravaganza rewards list,us,0,,,,equity extravaganza monopoly go rewards,2026-01-07 15:23:24,"People also ask,Thumbnail",,0,0,2023-11-03,"Informational,Branded,Non-local",English,,,Games/Computer and Video Games/Gaming Reference and Reviews
288,home equity line of credit calculator milwaukee,us,12,,,,heloc calculator,2026-01-05 14:21:32,"Sitelinks,People also ask",,82000,83000,2021-01-23,"Informational,Non-branded,Local",English,,,Finance/Credit and Lending/Loans
289,"the following is a list of accounts commonly seen in financial statements. identify whether each account appears on the balance sheet as an asset, a liability, or an equity account, or whether it appears on the income statement as a revenue or an expense.",us,12,,,,accounts payable asset or liability,2024-04-03 06:07:25,"People also ask,Image pack",,0,,,,,,,
290,list of equity theatres by state,us,0,,,,equity theatre list,2026-01-01 03:42:17,People also ask,,0,0,2020-01-24,"Informational,Non-branded,Non-local",English,,,Arts and Entertainment/Performing Arts/Acting and Theater
291,return on stockholders equity calculator,us,10,,,1.46,return on equity calculator,2026-03-02 15:36:53,"People also ask,Sitelinks",,450,1200,2015-09-22,"Informational,Non-branded,Non-local",English,,,Finance/Investing/Stocks and Bonds
292,forgivable equity builder loan 2023,us,1,,,,forgivable equity builder loan,2025-12-29 19:16:48,"Sitelinks,People also ask",,40,40,2023-01-12,"Informational,Branded,Non-local",English,,,Finance/Credit and Lending/Loans; Real Estate/Real Estate Services
293,equity residential login dashboard,us,5,,,,my equity,2026-03-07 14:47:47,Sitelinks,,3100,3100,2020-05-10,"Navigational,Branded,Non-local",English,,,Real Estate/Real Estate Services/Property Management
294,tsa pay equity chart,us,3,,,,tsa salary,2026-03-08 10:47:15,Sitelinks,,2000,2000,2022-12-31,"Informational,Branded,Non-local",English,,,Jobs and Education/Jobs/Career Resources and Planning
295,tsa pay equity calculator,us,4,,2.50,,tsa salary,2026-01-07 11:55:48,"Sitelinks,AI Overview,Thumbnail,People also ask",,1700,1700,2022-05-07,"Informational,Branded,Non-local",English,,,Finance; Jobs and Education/Jobs/Career Resources and Planning
296,memo spotify 100m creator equity fund,us,12,,,,spotify creator equity fund,2025-12-30 21:58:55,"Sitelinks,People also ask",,0,0,2023-03-22,"Informational,Branded,Non-local",English,,,Business and Industrial/Business Finance/Venture Capital; Finance/Investing/Funds
