Keyword,URL,Country,Difficulty,Volume,CPS,Parent Topic,Parent Topic Volume,Last Update,Referring Domains,Domain rating,Ahrefs Rank,Traffic,Keywords,CPC,Position,Type,Title,Global volume,Traffic potential,Global traffic potential,First seen,Intents,Languages,Page type,SV trend (03-2024 - 02-2026),SV Forecasting trend (03-2026 - 03-2027)
s&p 500 simulator,https://www.troutwood.com/sp500-calculator,us,51,60,,s&p 500 calculator,5000,2026-01-30 07:20:55,4,31,3399165,1423,202,1.80,1,Organic,S&P 500 Investment Calculator,300,2300,4800,2016-02-26,"Informational,Branded,Non-local",English,,,
s&p 500 simulator,https://ofdollarsanddata.com/sp500-calculator/,us,51,60,,s&p 500 calculator,5000,2026-01-30 07:20:55,170,64,193427,4034,351,1.80,2,Organic,S&P 500 Historical Return Calculator [With Dividends],300,2300,4800,2016-02-26,"Informational,Branded,Non-local",English,,,
s&p 500 simulator,https://www.capitalgroup.com/individual/planning/tools/investment-calculator.htm,us,51,60,,s&p 500 calculator,5000,2026-01-30 07:20:55,35,78,18634,25715,795,1.80,3,Organic,Investment Calculator - American Funds,300,2300,4800,2016-02-26,"Informational,Branded,Non-local",English,,,
s&p 500 simulator,https://dqydj.com/sp-500-periodic-reinvestment-calculator-dividends/,us,51,60,,s&p 500 calculator,5000,2026-01-30 07:20:55,112,69,117512,149,82,1.80,4,Organic,"S&P 500 Periodic Reinvestment Calculator, With Dividends",300,2300,4800,2016-02-26,"Informational,Branded,Non-local",English,,,
s&p 500 simulator,https://www.nerdwallet.com/investing/calculators/investment-calculator,us,51,60,,s&p 500 calculator,5000,2026-01-30 07:20:55,1353,90,1450,66214,1770,1.80,5,Organic,Investment Calculator: Estimate Potential Returns,300,2300,4800,2016-02-26,"Informational,Branded,Non-local",English,,,
s&p 500 simulator,https://www.westernbanks.com/calculators/investment-returns-calculator/,us,51,60,,s&p 500 calculator,5000,2026-01-30 07:20:55,0,31,3557655,24008,254,1.80,6,Organic,Investment Returns Calculator,300,2300,4800,2016-02-26,"Informational,Branded,Non-local",English,,,
s&p 500 simulator,https://www.ramseysolutions.com/retirement/investment-calculator,us,51,60,,s&p 500 calculator,5000,2026-01-30 07:20:55,476,84,5239,143256,2489,1.80,7,Organic,Investment Calculator,300,2300,4800,2016-02-26,"Informational,Branded,Non-local",English,,,
s&p 500 simulator,https://www.investor.gov/financial-tools-calculators/calculators/compound-interest-calculator,us,51,60,,s&p 500 calculator,5000,2026-01-30 07:20:55,4043,87,3267,719085,7852,1.80,8,Organic,Compound Interest Calculator,300,2300,4800,2016-02-26,"Informational,Branded,Non-local",English,,,
s&p 500 simulator,https://www.eupersonalfinance.eu/sp500-calculator,us,51,60,,s&p 500 calculator,5000,2026-01-30 07:20:55,0,9,17805166,6,29,1.80,9,Organic,S&P 500 Calculator - Investment simulator in ETFs,300,2300,4800,2016-02-26,"Informational,Branded,Non-local",English,,,
s&p 500 simulator,https://investor.vanguard.com/tools-calculators/potential-growth-tool,us,51,60,,s&p 500 calculator,5000,2026-01-30 07:20:55,4,84,6187,113,79,1.80,10,Organic,Potential growth tool - Vanguard,300,2300,4800,2016-02-26,"Informational,Branded,Non-local",English,,,
s&p 500 viewer,,us,,10,,,,,,,,,,,,,,10,,,2025-04-04,,,,,
s&p 500 estimator,,us,,10,,,,,,,,,,,,,,20,,,2021-02-01,,,,,
s&p 500 investment simulator,,us,,10,,,,,,,,,,,,,,10,,,2021-02-04,,,,,
dca simulator s&p 500,,us,,0,,,,,,,,,,,,,,0,,,2023-08-03,,,,,
s&p 500 index simulator,,us,,0,,,,,,,,,,,,,,0,,,2021-09-02,,,,,
s&p 500 intrinsic value estimator,,us,,0,,,,,,,,,,,,,,0,,,2022-09-30,,,,,
s&p 500 return estimator,,us,,0,,,,,,,,,,,,,,0,,,2024-12-10,,,,,
s&p 500 index fund simulator,,us,,0,,,,,,,,,,,,,,0,,,2024-07-17,,,,,
simulator s&p 500,,us,,0,,,,,,,,,,,,,,0,,,2024-01-14,,,,,
s and p 500 simulator,,us,,0,,,,,,,,,,,,,,10,,,2018-06-28,,,,,
