Link type,Is nofollow,Source URL,Source HTTP status code,Target URL,Target HTTP status code,Anchor,Target final redirect URL,Target final redirect HTTP status code,Is source canonical,Is source noindex,Is link internal
Href link,false,https://westmountfundamentals.com/sp500-investment-calculator,200,https://westmountfundamentals.com/coming-soon,404,Roadmap,,,true,false,true
Href link,false,https://westmountfundamentals.com/price-to-book,200,https://westmountfundamentals.com/coming-soon,404,Roadmap,,,true,false,true
Href link,false,https://westmountfundamentals.com/yoy-growth-calculator,200,https://westmountfundamentals.com/coming-soon,404,Roadmap,,,true,false,true
Href link,false,https://westmountfundamentals.com/jepi-dividend,200,https://westmountfundamentals.com/coming-soon,404,Roadmap,,,true,false,true
Href link,false,https://westmountfundamentals.com/housing-affordability-index-2026,200,https://westmountfundamentals.com/coming-soon,404,Roadmap,,,true,false,true
Href link,false,https://westmountfundamentals.com/sp500-top-10-holdings-weight-2026,200,https://westmountfundamentals.com/coming-soon,404,Roadmap,,,true,false,true
Href link,false,https://westmountfundamentals.com/list-safest-dividend-stocks-2026,200,https://westmountfundamentals.com/coming-soon,404,Roadmap,,,true,false,true
Href link,false,https://westmountfundamentals.com/topstep-dashboard,200,https://westmountfundamentals.com/coming-soon,404,Roadmap,,,true,false,true
Href link,false,https://westmountfundamentals.com/debt-to-income-ratio-calculator,200,https://westmountfundamentals.com/coming-soon,404,Roadmap,,,true,false,true
Href link,false,https://westmountfundamentals.com/best-international-etfs-2026,200,https://westmountfundamentals.com/coming-soon,404,Roadmap,,,true,false,true
Href link,false,https://westmountfundamentals.com/wage-growth-vs-inflation-2026,200,https://westmountfundamentals.com/coming-soon,404,Roadmap,,,true,false,true
Href link,false,https://westmountfundamentals.com/guide-roth-vs-traditional-ira,200,https://westmountfundamentals.com/coming-soon,404,Roadmap,,,true,false,true
Href link,false,https://westmountfundamentals.com/vgro-etf-review-2026,200,https://westmountfundamentals.com/coming-soon,404,Roadmap,,,true,false,true
Href link,false,https://westmountfundamentals.com/broker-fees,200,https://westmountfundamentals.com/coming-soon,404,Roadmap,,,true,false,true
Href link,false,https://westmountfundamentals.com/best-dividend-stocks,200,https://westmountfundamentals.com/coming-soon,404,Roadmap,,,true,false,true
Href link,false,https://westmountfundamentals.com/inflation-adjusted-stock-returns,200,https://westmountfundamentals.com/coming-soon,404,Roadmap,,,true,false,true
Href link,false,https://westmountfundamentals.com/stock-options-calculator,200,https://westmountfundamentals.com/coming-soon,404,Roadmap,,,true,false,true
Href link,false,https://westmountfundamentals.com/qqq-vs-qqqm,200,https://westmountfundamentals.com/coming-soon,404,Roadmap,,,true,false,true
Href link,false,https://westmountfundamentals.com/rrsp-season-checklist,200,https://westmountfundamentals.com/coming-soon,404,Roadmap,,,true,false,true
Href link,false,https://westmountfundamentals.com/how-to-start-investing,200,https://westmountfundamentals.com/coming-soon,404,Roadmap,,,true,false,true
Href link,false,https://westmountfundamentals.com/td-direct-vs-discount,200,https://westmountfundamentals.com/coming-soon,404,Roadmap,,,true,false,true
Href link,false,https://westmountfundamentals.com/sp500-dividend-yield-history,200,https://westmountfundamentals.com/coming-soon,404,Roadmap,,,true,false,true
Href link,false,https://westmountfundamentals.com/sp500-earnings-calendar-2026,200,https://westmountfundamentals.com/coming-soon,404,Roadmap,,,true,false,true
Href link,false,https://westmountfundamentals.com/jepq-dividend,200,https://westmountfundamentals.com/coming-soon,404,Roadmap,,,true,false,true
Href link,false,https://westmountfundamentals.com/dividend-yield-vs-growth,200,https://westmountfundamentals.com/coming-soon,404,Roadmap,,,true,false,true
Href link,false,https://westmountfundamentals.com/best-etfs-canada-2026,200,https://westmountfundamentals.com/coming-soon,404,Roadmap,,,true,false,true
Href link,false,https://westmountfundamentals.com/real-return-calculator,200,https://westmountfundamentals.com/coming-soon,404,Roadmap,,,true,false,true
Href link,false,https://westmountfundamentals.com/drip-calculator,200,https://westmountfundamentals.com/coming-soon,404,Roadmap,,,true,false,true
Href link,false,https://westmountfundamentals.com/select-portfolio-servicing,200,https://westmountfundamentals.com/coming-soon,404,Roadmap,,,true,false,true
Href link,false,https://westmountfundamentals.com/brokerage-fee-calculator,200,https://westmountfundamentals.com/coming-soon,404,Roadmap,,,true,false,true
Href link,false,https://westmountfundamentals.com/guide-tax-efficient-investing,200,https://westmountfundamentals.com/coming-soon,404,Roadmap,,,true,false,true
Href link,false,https://westmountfundamentals.com/market-sector-analysis-dashboard,200,https://westmountfundamentals.com/coming-soon,404,Roadmap,,,true,false,true
Href link,false,https://westmountfundamentals.com/consumer-portfolio-services,200,https://westmountfundamentals.com/coming-soon,404,Roadmap,,,true,false,true
Href link,false,https://westmountfundamentals.com/how-to-invest-in-stocks,200,https://westmountfundamentals.com/coming-soon,404,Roadmap,,,true,false,true
Href link,false,https://westmountfundamentals.com/value-vs-growth-stocks-2026,200,https://westmountfundamentals.com/coming-soon,404,Roadmap,,,true,false,true
Href link,false,https://westmountfundamentals.com/dividend-definition,200,https://westmountfundamentals.com/coming-soon,404,Roadmap,,,true,false,true
Href link,false,https://westmountfundamentals.com/beta-volatility,200,https://westmountfundamentals.com/coming-soon,404,Roadmap,,,true,false,true
Href link,false,https://westmountfundamentals.com/guide-how-etf-expense-ratios-work,200,https://westmountfundamentals.com/coming-soon,404,Roadmap,,,true,false,true
Href link,false,https://westmountfundamentals.com/compound-interest-calculator,200,https://westmountfundamentals.com/final-grade-calculator,404,tool,,,true,false,true
Href link,false,https://westmountfundamentals.com/guide-etf-investing,200,https://westmountfundamentals.com/coming-soon,404,Roadmap,,,true,false,true
Href link,false,https://westmountfundamentals.com/future-value-calculator,200,https://westmountfundamentals.com/coming-soon,404,Roadmap,,,true,false,true
Href link,false,https://westmountfundamentals.com/topstep-dashboard,200,https://westmountfundamentals.com/25-minute-timer,404,timer,,,true,false,true
Href link,false,https://westmountfundamentals.com/how-to-sell-stocks,200,https://westmountfundamentals.com/coming-soon,404,Roadmap,,,true,false,true
Href link,false,https://westmountfundamentals.com/stock-market-fundamentals-guide,200,https://westmountfundamentals.com/coming-soon,404,Roadmap,,,true,false,true
Href link,false,https://westmountfundamentals.com/tsly-dividend-history,200,https://westmountfundamentals.com/coming-soon,404,Roadmap,,,true,false,true
Href link,false,https://westmountfundamentals.com/best-growth-etfs-2026,200,https://westmountfundamentals.com/coming-soon,404,Roadmap,,,true,false,true
Href link,false,https://westmountfundamentals.com/guide-stock-market-basics,200,https://westmountfundamentals.com/coming-soon,404,Roadmap,,,true,false,true
Href link,false,https://westmountfundamentals.com/best-us-equity-etfs-canada,200,https://westmountfundamentals.com/coming-soon,404,Roadmap,,,true,false,true
Href link,false,https://westmountfundamentals.com/voo-dividend,200,https://westmountfundamentals.com/coming-soon,404,Roadmap,,,true,false,true
Href link,false,https://westmountfundamentals.com/msty-dividend-calculator,200,https://westmountfundamentals.com/sites/westmount/msty-dividend-history,404,MSTY Dividend History,,,true,false,true
Href link,false,https://westmountfundamentals.com/average-institutional-ownership-2026,200,https://westmountfundamentals.com/coming-soon,404,Roadmap,,,true,false,true
Href link,false,https://westmountfundamentals.com/fire-retirement-calculator,200,https://westmountfundamentals.com/coming-soon,404,Roadmap,,,true,false,true
Href link,false,https://westmountfundamentals.com/msty-dividend-calculator,200,https://westmountfundamentals.com/coming-soon,404,Roadmap,,,true,false,true
Href link,false,https://westmountfundamentals.com/quantum-computing-stocks,200,https://westmountfundamentals.com/coming-soon,404,Roadmap,,,true,false,true
Href link,false,https://westmountfundamentals.com/dividend-yield-calculator,200,https://westmountfundamentals.com/coming-soon,404,Roadmap,,,true,false,true
Href link,false,https://westmountfundamentals.com/guide-bond-ratings,200,https://westmountfundamentals.com/coming-soon,404,Roadmap,,,true,false,true
Href link,false,https://westmountfundamentals.com/market-concentration-analysis-2026,200,https://westmountfundamentals.com/coming-soon,404,Roadmap,,,true,false,true
Href link,false,https://westmountfundamentals.com/,200,https://westmountfundamentals.com/coming-soon,404,Roadmap,,,true,false,true
Href link,false,https://westmountfundamentals.com/list-best-monthly-dividend-stocks,200,https://westmountfundamentals.com/coming-soon,404,Roadmap,,,true,false,true
Href link,false,https://westmountfundamentals.com/list-best-target-date-funds-2026,200,https://westmountfundamentals.com/coming-soon,404,Roadmap,,,true,false,true
Href link,false,https://westmountfundamentals.com/most-shorted-stocks-march-2026,200,https://westmountfundamentals.com/coming-soon,404,Roadmap,,,true,false,true
Href link,false,https://westmountfundamentals.com/sector-pe-ratios,200,https://westmountfundamentals.com/coming-soon,404,Roadmap,,,true,false,true
Href link,false,https://westmountfundamentals.com/best-canadian-etfs-2026,200,https://westmountfundamentals.com/coming-soon,404,Roadmap,,,true,false,true
Href link,false,https://westmountfundamentals.com/ceo-compensation,200,https://westmountfundamentals.com/coming-soon,404,Roadmap,,,true,false,true
Href link,false,https://westmountfundamentals.com/compound-interest-calculator,200,https://westmountfundamentals.com/coming-soon,404,Roadmap,,,true,false,true
Href link,false,https://westmountfundamentals.com/what-is-dividend-income,200,https://westmountfundamentals.com/coming-soon,404,Roadmap,,,true,false,true
Href link,false,https://westmountfundamentals.com/investment-calculator,200,https://westmountfundamentals.com/investing-calculator,404,investing calculator,,,true,false,true
Href link,false,https://westmountfundamentals.com/wealthsimple-vs-questrade-vs-ibkr-2026,200,https://westmountfundamentals.com/coming-soon,404,Roadmap,,,true,false,true
Href link,false,https://westmountfundamentals.com/bond-yield-curve-2026,200,https://westmountfundamentals.com/coming-soon,404,Roadmap,,,true,false,true
Href link,false,https://westmountfundamentals.com/canadian-brokerages-2026,200,https://westmountfundamentals.com/coming-soon,404,Roadmap,,,true,false,true
Href link,false,https://westmountfundamentals.com/what-are-mid-cap-stocks,200,https://westmountfundamentals.com/coming-soon,404,Roadmap,,,true,false,true
Href link,false,https://westmountfundamentals.com/dividend-meaning,200,https://westmountfundamentals.com/coming-soon,404,Roadmap,,,true,false,true
Href link,false,https://westmountfundamentals.com/schd-vs-qqqi,200,https://westmountfundamentals.com/coming-soon,404,Roadmap,,,true,false,true
Href link,false,https://westmountfundamentals.com/options-trading-simulator,200,https://westmountfundamentals.com/coming-soon,404,Roadmap,,,true,false,true
Href link,false,https://westmountfundamentals.com/roi-calculator,200,https://westmountfundamentals.com/investing-calculator,404,investing calculator,,,true,false,true
Href link,false,https://westmountfundamentals.com/canadian-tax-brackets-2026,200,https://westmountfundamentals.com/coming-soon,404,Roadmap,,,true,false,true
Href link,false,https://westmountfundamentals.com/spy-etf-review-2026,200,https://westmountfundamentals.com/coming-soon,404,Roadmap,,,true,false,true
Href link,false,https://westmountfundamentals.com/topstep-dashboard,200,https://westmountfundamentals.com/brat-generator,404,visual aesthetic,,,true,false,true
Href link,false,https://westmountfundamentals.com/what-is-dividend,200,https://westmountfundamentals.com/coming-soon,404,Roadmap,,,true,false,true
Href link,false,https://westmountfundamentals.com/guide-reading-financial-statements,200,https://westmountfundamentals.com/coming-soon,404,Roadmap,,,true,false,true
Href link,false,https://westmountfundamentals.com/short-squeeze-candidates-march-2026,200,https://westmountfundamentals.com/coming-soon,404,Roadmap,,,true,false,true
Href link,false,https://westmountfundamentals.com/investment-planner,200,https://westmountfundamentals.com/investing-calculator,404,investing calculator,,,true,false,true
Href link,false,https://westmountfundamentals.com/etf-vs-index-funds-guide,200,https://westmountfundamentals.com/coming-soon,404,Roadmap,,,true,false,true
Href link,false,https://westmountfundamentals.com/how-to-pick-stocks,200,https://westmountfundamentals.com/coming-soon,404,Roadmap,,,true,false,true
Href link,false,https://westmountfundamentals.com/best-dividend-etfs-canada-2026,200,https://westmountfundamentals.com/coming-soon,404,Roadmap,,,true,false,true
Href link,false,https://westmountfundamentals.com/pe-ratio-by-sector-2026,200,https://westmountfundamentals.com/coming-soon,404,Roadmap,,,true,false,true
Href link,false,https://westmountfundamentals.com/compare-dividend-etfs,200,https://westmountfundamentals.com/coming-soon,404,Roadmap,,,true,false,true
Href link,false,https://westmountfundamentals.com/dividend-reinvestment-calculator,200,https://westmountfundamentals.com/coming-soon,404,Roadmap,,,true,false,true
Href link,false,https://westmountfundamentals.com/how-to-invest-in-sp500,200,https://westmountfundamentals.com/invest-in-the-sp500,404,How to Invest in the S&P 500 (Deep Dive),,,true,false,true
Href link,false,https://westmountfundamentals.com/spousal-rrsp-guide,200,https://westmountfundamentals.com/coming-soon,404,Roadmap,,,true,false,true
Href link,false,https://westmountfundamentals.com/revenue-per-employee,200,https://westmountfundamentals.com/coming-soon,404,Roadmap,,,true,false,true
Href link,false,https://westmountfundamentals.com/what-is-a-52-week-high,200,https://westmountfundamentals.com/coming-soon,404,Roadmap,,,true,false,true
Href link,false,https://westmountfundamentals.com/rrsp-deadline-reminder,200,https://westmountfundamentals.com/coming-soon,404,Roadmap,,,true,false,true
Href link,false,https://westmountfundamentals.com/gold-vs-stocks-historical,200,https://westmountfundamentals.com/coming-soon,404,Roadmap,,,true,false,true
Href link,false,https://westmountfundamentals.com/position-size-calculator,200,https://westmountfundamentals.com/coming-soon,404,Roadmap,,,true,false,true
Href link,false,https://westmountfundamentals.com/schb-etf-review-2026,200,https://westmountfundamentals.com/coming-soon,404,Roadmap,,,true,false,true
Href link,false,https://westmountfundamentals.com/ipo-performance,200,https://westmountfundamentals.com/coming-soon,404,Roadmap,,,true,false,true
Href link,false,https://westmountfundamentals.com/average-stock-market-return,200,https://westmountfundamentals.com/coming-soon,404,Roadmap,,,true,false,true
Href link,false,https://westmountfundamentals.com/dividend-aristocrats,200,https://westmountfundamentals.com/coming-soon,404,Roadmap,,,true,false,true
Href link,false,https://westmountfundamentals.com/best-equity-etfs-canada,200,https://westmountfundamentals.com/coming-soon,404,Roadmap,,,true,false,true
Href link,false,https://westmountfundamentals.com/qqq-vs-sp500,200,https://westmountfundamentals.com/coming-soon,404,Roadmap,,,true,false,true
Href link,false,https://westmountfundamentals.com/sp500-sector-weights,200,https://westmountfundamentals.com/coming-soon,404,Roadmap,,,true,false,true
Href link,false,https://westmountfundamentals.com/canadian-dividend-aristocrats-2026,200,https://westmountfundamentals.com/coming-soon,404,Roadmap,,,true,false,true
Href link,false,https://westmountfundamentals.com/wealthsimple-review-2026,200,https://westmountfundamentals.com/coming-soon,404,Roadmap,,,true,false,true
Href link,false,https://westmountfundamentals.com/magnificent-seven-stocks-2026,200,https://westmountfundamentals.com/coming-soon,404,Roadmap,,,true,false,true
Href link,false,https://westmountfundamentals.com/highest-expense-ratio-etfs-2026,200,https://westmountfundamentals.com/coming-soon,404,Roadmap,,,true,false,true
Href link,false,https://westmountfundamentals.com/sp500-investment-calculator,200,https://westmountfundamentals.com/invest-in-the-sp500,404,invest in the S&P 500,,,true,false,true
Href link,false,https://westmountfundamentals.com/rrsp-withdrawal-strategies,200,https://westmountfundamentals.com/coming-soon,404,Roadmap,,,true,false,true
Href link,false,https://westmountfundamentals.com/dividend-aristocrats-analysis-2026,200,https://westmountfundamentals.com/coming-soon,404,Roadmap,,,true,false,true
Href link,false,https://westmountfundamentals.com/dow-jones-vs-sp500,200,https://westmountfundamentals.com/coming-soon,404,Roadmap,,,true,false,true
Href link,false,https://westmountfundamentals.com/guide-value-investing,200,https://westmountfundamentals.com/coming-soon,404,Roadmap,,,true,false,true
Href link,false,https://westmountfundamentals.com/lowest-expense-ratio-etfs-2026,200,https://westmountfundamentals.com/coming-soon,404,Roadmap,,,true,false,true
Href link,false,https://westmountfundamentals.com/what-are-stocks,200,https://westmountfundamentals.com/coming-soon,404,Roadmap,,,true,false,true
Href link,false,https://westmountfundamentals.com/options-profit-calculator,200,https://westmountfundamentals.com/coming-soon,404,Roadmap,,,true,false,true
Href link,false,https://westmountfundamentals.com/sp500-companies-complete-list-2026,200,https://westmountfundamentals.com/coming-soon,404,Roadmap,,,true,false,true
Href link,false,https://westmountfundamentals.com/list-best-all-in-one-etfs-canada-2026,200,https://westmountfundamentals.com/coming-soon,404,Roadmap,,,true,false,true
Href link,false,https://westmountfundamentals.com/stock-comparison-tool,200,https://westmountfundamentals.com/coming-soon,404,Roadmap,,,true,false,true
Href link,false,https://westmountfundamentals.com/stock-correlation-matrix-2026,200,https://westmountfundamentals.com/coming-soon,404,Roadmap,,,true,false,true
Href link,false,https://westmountfundamentals.com/stock-splits-history,200,https://westmountfundamentals.com/coming-soon,404,Roadmap,,,true,false,true
Href link,false,https://westmountfundamentals.com/best-dividend-etfs-2026,200,https://westmountfundamentals.com/coming-soon,404,Roadmap,,,true,false,true
Href link,false,https://westmountfundamentals.com/guide-asset-allocation-by-age,200,https://westmountfundamentals.com/coming-soon,404,Roadmap,,,true,false,true
Href link,false,https://westmountfundamentals.com/sp500-for-beginners,200,https://westmountfundamentals.com/coming-soon,404,Roadmap,,,true,false,true
Href link,false,https://westmountfundamentals.com/bond-etf-expense-ratio-comparison,200,https://westmountfundamentals.com/coming-soon,404,Roadmap,,,true,false,true
Href link,false,https://westmountfundamentals.com/adobe-portfolio,200,https://westmountfundamentals.com/coming-soon,404,Roadmap,,,true,false,true
Href link,false,https://westmountfundamentals.com/market-concentration,200,https://westmountfundamentals.com/coming-soon,404,Roadmap,,,true,false,true
Href link,false,https://westmountfundamentals.com/roi-calculator,200,https://westmountfundamentals.com/coming-soon,404,Roadmap,,,true,false,true
Href link,false,https://westmountfundamentals.com/options-calculator,200,https://westmountfundamentals.com/coming-soon,404,Roadmap,,,true,false,true
Href link,false,https://westmountfundamentals.com/sp500-pe-ratio-history,200,https://westmountfundamentals.com/coming-soon,404,Roadmap,,,true,false,true
Href link,false,https://westmountfundamentals.com/stocks-for-beginners,200,https://westmountfundamentals.com/coming-soon,404,Roadmap,,,true,false,true
Href link,false,https://westmountfundamentals.com/cagr-calculator,200,https://westmountfundamentals.com/coming-soon,404,Roadmap,,,true,false,true
Href link,false,https://westmountfundamentals.com/investment-calculator,200,https://westmountfundamentals.com/coming-soon,404,Roadmap,,,true,false,true
Href link,false,https://westmountfundamentals.com/insider-buying-tracker-2026,200,https://westmountfundamentals.com/coming-soon,404,Roadmap,,,true,false,true
Href link,false,https://westmountfundamentals.com/voo-vs-sp500,200,https://westmountfundamentals.com/coming-soon,404,Roadmap,,,true,false,true
Href link,false,https://westmountfundamentals.com/etf-comparison-tool,200,https://westmountfundamentals.com/coming-soon,404,Roadmap,,,true,false,true
Href link,false,https://westmountfundamentals.com/dividend-aristocrats-complete-list-2026,200,https://westmountfundamentals.com/coming-soon,404,Roadmap,,,true,false,true
Href link,false,https://westmountfundamentals.com/guide-rebalancing-strategies,200,https://westmountfundamentals.com/coming-soon,404,Roadmap,,,true,false,true
Href link,false,https://westmountfundamentals.com/options-trading-strategy-guide,200,https://westmountfundamentals.com/coming-soon,404,Roadmap,,,true,false,true
Href link,false,https://westmountfundamentals.com/guide-portfolio-diversification,200,https://westmountfundamentals.com/coming-soon,404,Roadmap,,,true,false,true
Href link,false,https://westmountfundamentals.com/dividend-stocks,200,https://westmountfundamentals.com/coming-soon,404,Roadmap,,,true,false,true
Href link,false,https://westmountfundamentals.com/ramsey-investment-calculator,200,https://westmountfundamentals.com/coming-soon,404,Roadmap,,,true,false,true
Href link,false,https://westmountfundamentals.com/guide-etf-investing-complete,200,https://westmountfundamentals.com/coming-soon,404,Roadmap,,,true,false,true
Href link,false,https://westmountfundamentals.com/best-stocks,200,https://westmountfundamentals.com/coming-soon,404,Roadmap,,,true,false,true
Href link,false,https://westmountfundamentals.com/best-stocks-to-buy-right-now,200,https://westmountfundamentals.com/coming-soon,404,Roadmap,,,true,false,true
Href link,false,https://westmountfundamentals.com/wealthsimple-vs-questrade,200,https://westmountfundamentals.com/coming-soon,404,Roadmap,,,true,false,true
Href link,false,https://westmountfundamentals.com/tfsa-contribution-room-2026,200,https://westmountfundamentals.com/coming-soon,404,Roadmap,,,true,false,true
Href link,false,https://westmountfundamentals.com/how-to-trade-stocks,200,https://westmountfundamentals.com/coming-soon,404,Roadmap,,,true,false,true
Href link,false,https://westmountfundamentals.com/how-to-buy-stocks,200,https://westmountfundamentals.com/coming-soon,404,Roadmap,,,true,false,true
Href link,false,https://westmountfundamentals.com/vcsh-etf-review-2026,200,https://westmountfundamentals.com/coming-soon,404,Roadmap,,,true,false,true
Href link,false,https://westmountfundamentals.com/guide-sp500-index-funds,200,https://westmountfundamentals.com/coming-soon,404,Roadmap,,,true,false,true
Href link,false,https://westmountfundamentals.com/etf-fee-comparison,200,https://westmountfundamentals.com/coming-soon,404,Roadmap,,,true,false,true
Href link,false,https://westmountfundamentals.com/free-cash-flow-yield,200,https://westmountfundamentals.com/coming-soon,404,Roadmap,,,true,false,true
Href link,false,https://westmountfundamentals.com/high-dividend-stocks,200,https://westmountfundamentals.com/coming-soon,404,Roadmap,,,true,false,true
Href link,false,https://westmountfundamentals.com/best-sp500-index-funds-2026,200,https://westmountfundamentals.com/coming-soon,404,Roadmap,,,true,false,true
Href link,false,https://westmountfundamentals.com/average-etf-expense-ratio-2026,200,https://westmountfundamentals.com/coming-soon,404,Roadmap,,,true,false,true
Href link,false,https://westmountfundamentals.com/cheap-stocks-to-buy-now,200,https://westmountfundamentals.com/coming-soon,404,Roadmap,,,true,false,true
Href link,false,https://westmountfundamentals.com/what-are-cyclical-stocks,200,https://westmountfundamentals.com/coming-soon,404,Roadmap,,,true,false,true
Href link,false,https://westmountfundamentals.com/investment-planner,200,https://westmountfundamentals.com/coming-soon,404,Roadmap,,,true,false,true
Href link,false,https://westmountfundamentals.com/what-is-a-dividend,200,https://westmountfundamentals.com/coming-soon,404,Roadmap,,,true,false,true
Href link,false,https://westmountfundamentals.com/ulty-dividend-history,200,https://westmountfundamentals.com/coming-soon,404,Roadmap,,,true,false,true
Href link,false,https://westmountfundamentals.com/ai-stocks-to-buy,200,https://westmountfundamentals.com/coming-soon,404,Roadmap,,,true,false,true
Href link,false,https://westmountfundamentals.com/stock-screener,200,https://westmountfundamentals.com/coming-soon,404,Roadmap,,,true,false,true
Href link,false,https://westmountfundamentals.com/paper-trading-simulator,200,https://westmountfundamentals.com/coming-soon,404,Roadmap,,,true,false,true
Href link,false,https://westmountfundamentals.com/etf-expense-ratios,200,https://westmountfundamentals.com/coming-soon,404,Roadmap,,,true,false,true
Href link,false,https://westmountfundamentals.com/guide-emergency-fund,200,https://westmountfundamentals.com/coming-soon,404,Roadmap,,,true,false,true
Href link,false,https://westmountfundamentals.com/stock-split-calculator,200,https://westmountfundamentals.com/coming-soon,404,Roadmap,,,true,false,true
Href link,false,https://westmountfundamentals.com/best-dividend-etfs-canada,200,https://westmountfundamentals.com/coming-soon,404,Roadmap,,,true,false,true
Href link,false,https://westmountfundamentals.com/stocks-101,200,https://westmountfundamentals.com/coming-soon,404,Roadmap,,,true,false,true
Href link,false,https://westmountfundamentals.com/dave-ramsey-investment-calculator,200,https://westmountfundamentals.com/coming-soon,404,Roadmap,,,true,false,true
Href link,false,https://westmountfundamentals.com/sector-rotation-analysis-2026,200,https://westmountfundamentals.com/coming-soon,404,Roadmap,,,true,false,true
Href link,false,https://westmountfundamentals.com/best-brokerage-for-beginners,200,https://westmountfundamentals.com/coming-soon,404,Roadmap,,,true,false,true
Href link,false,https://westmountfundamentals.com/vti-etf-review-2026,200,https://westmountfundamentals.com/coming-soon,404,Roadmap,,,true,false,true
Href link,false,https://westmountfundamentals.com/rrsp-contribution-limit-2026,200,https://westmountfundamentals.com/coming-soon,404,Roadmap,,,true,false,true
Href link,false,https://westmountfundamentals.com/roe-rankings,200,https://westmountfundamentals.com/coming-soon,404,Roadmap,,,true,false,true
Href link,false,https://westmountfundamentals.com/dividend-investing-guide,200,https://westmountfundamentals.com/coming-soon,404,Roadmap,,,true,false,true
Href link,false,https://westmountfundamentals.com/ai-stocks-to-watch-2026,200,https://westmountfundamentals.com/coming-soon,404,Roadmap,,,true,false,true
Href link,false,https://westmountfundamentals.com/nuclear-energy-stocks,200,https://westmountfundamentals.com/coming-soon,404,Roadmap,,,true,false,true
Href link,false,https://westmountfundamentals.com/ev-ebitda-sectors,200,https://westmountfundamentals.com/coming-soon,404,Roadmap,,,true,false,true
Href link,false,https://westmountfundamentals.com/guide-understanding-pe-ratio,200,https://westmountfundamentals.com/coming-soon,404,Roadmap,,,true,false,true
Href link,false,https://westmountfundamentals.com/sp500-for-beginners,200,https://westmountfundamentals.com/invest-in-the-sp500,404,invest in the S&P 500,,,true,false,true
Href link,false,https://westmountfundamentals.com/nancy-pelosi-stock-tracker,200,https://westmountfundamentals.com/coming-soon,404,Roadmap,,,true,false,true
Href link,false,https://westmountfundamentals.com/xeqt-etf-review-2026,200,https://westmountfundamentals.com/coming-soon,404,Roadmap,,,true,false,true
Href link,false,https://westmountfundamentals.com/guide-tax-loss-harvesting,200,https://westmountfundamentals.com/coming-soon,404,Roadmap,,,true,false,true
Href link,false,https://westmountfundamentals.com/institutional-ownership,200,https://westmountfundamentals.com/coming-soon,404,Roadmap,,,true,false,true
Href link,false,https://westmountfundamentals.com/reit-dividend-yields-2026,200,https://westmountfundamentals.com/coming-soon,404,Roadmap,,,true,false,true
Href link,false,https://westmountfundamentals.com/vea-etf-review-2026,200,https://westmountfundamentals.com/coming-soon,404,Roadmap,,,true,false,true
Href link,false,https://westmountfundamentals.com/etf-tax-efficiency-comparison,200,https://westmountfundamentals.com/coming-soon,404,Roadmap,,,true,false,true
Href link,false,https://westmountfundamentals.com/best-bond-etfs-2026,200,https://westmountfundamentals.com/coming-soon,404,Roadmap,,,true,false,true
Href link,false,https://westmountfundamentals.com/portfolio-recovery,200,https://westmountfundamentals.com/coming-soon,404,Roadmap,,,true,false,true
Href link,false,https://westmountfundamentals.com/portfolio-rebalancer,200,https://westmountfundamentals.com/coming-soon,404,Roadmap,,,true,false,true
Href link,false,https://westmountfundamentals.com/sp500-peg-ratios,200,https://westmountfundamentals.com/coming-soon,404,Roadmap,,,true,false,true
Href link,false,https://westmountfundamentals.com/what-is-a-dividend-stock,200,https://westmountfundamentals.com/coming-soon,404,Roadmap,,,true,false,true
Href link,false,https://westmountfundamentals.com/interactive-brokers-canada,200,https://westmountfundamentals.com/coming-soon,404,Roadmap,,,true,false,true
Href link,false,https://westmountfundamentals.com/sp500-returns-by-month,200,https://westmountfundamentals.com/coming-soon,404,Roadmap,,,true,false,true
Href link,false,https://westmountfundamentals.com/guide-dollar-cost-averaging,200,https://westmountfundamentals.com/coming-soon,404,Roadmap,,,true,false,true
Href link,false,https://westmountfundamentals.com/rrsp-contribution-calculator,200,https://westmountfundamentals.com/coming-soon,404,Roadmap,,,true,false,true
Href link,false,https://westmountfundamentals.com/investing-for-beginners,200,https://westmountfundamentals.com/coming-soon,404,Roadmap,,,true,false,true
Href link,false,https://westmountfundamentals.com/retirement-withdrawal-calculator,200,https://westmountfundamentals.com/coming-soon,404,Roadmap,,,true,false,true
Href link,false,https://westmountfundamentals.com/rrsp-overcontribution-guide,200,https://westmountfundamentals.com/coming-soon,404,Roadmap,,,true,false,true
Href link,false,https://westmountfundamentals.com/ramsey-investment-calculator,200,https://westmountfundamentals.com/investing-calculator,404,investing calculator,,,true,false,true
Href link,false,https://westmountfundamentals.com/short-interest,200,https://westmountfundamentals.com/coming-soon,404,Roadmap,,,true,false,true
Href link,false,https://westmountfundamentals.com/monte-carlo-portfolio-simulator,200,https://westmountfundamentals.com/coming-soon,404,Roadmap,,,true,false,true
Href link,false,https://westmountfundamentals.com/qyld-dividend,200,https://westmountfundamentals.com/coming-soon,404,Roadmap,,,true,false,true
Href link,false,https://westmountfundamentals.com/present-value-calculator,200,https://westmountfundamentals.com/coming-soon,404,Roadmap,,,true,false,true
Href link,false,https://westmountfundamentals.com/best-ai-stocks,200,https://westmountfundamentals.com/coming-soon,404,Roadmap,,,true,false,true
Href link,false,https://westmountfundamentals.com/best-international-etfs-canada,200,https://westmountfundamentals.com/coming-soon,404,Roadmap,,,true,false,true
Href link,false,https://westmountfundamentals.com/guide-index-fund-investing-beginners,200,https://westmountfundamentals.com/coming-soon,404,Roadmap,,,true,false,true
Href link,false,https://westmountfundamentals.com/small-cap-value-stocks-2026,200,https://westmountfundamentals.com/coming-soon,404,Roadmap,,,true,false,true
Href link,false,https://westmountfundamentals.com/best-stocks-to-buy-now,200,https://westmountfundamentals.com/coming-soon,404,Roadmap,,,true,false,true
Href link,false,https://westmountfundamentals.com/highest-dividend-stocks,200,https://westmountfundamentals.com/coming-soon,404,Roadmap,,,true,false,true
Href link,false,https://westmountfundamentals.com/best-all-in-one-etfs,200,https://westmountfundamentals.com/coming-soon,404,Roadmap,,,true,false,true
Href link,false,https://westmountfundamentals.com/sp500-historical-returns-by-year,200,https://westmountfundamentals.com/coming-soon,404,Roadmap,,,true,false,true
Href link,false,https://westmountfundamentals.com/working-capital,200,https://westmountfundamentals.com/coming-soon,404,Roadmap,,,true,false,true
Href link,false,https://westmountfundamentals.com/recession-indicator-dashboard-2026,200,https://westmountfundamentals.com/coming-soon,404,Roadmap,,,true,false,true
Href link,false,https://westmountfundamentals.com/what-are-esg-stocks,200,https://westmountfundamentals.com/coming-soon,404,Roadmap,,,true,false,true
Href link,false,https://westmountfundamentals.com/options-vs-stocks,200,https://westmountfundamentals.com/coming-soon,404,Roadmap,,,true,false,true
Href link,false,https://westmountfundamentals.com/dividend-payout-ratios,200,https://westmountfundamentals.com/coming-soon,404,Roadmap,,,true,false,true
Href link,false,https://westmountfundamentals.com/buyback-leaders,200,https://westmountfundamentals.com/coming-soon,404,Roadmap,,,true,false,true
Href link,false,https://westmountfundamentals.com/schd-dividend-calculator,200,https://westmountfundamentals.com/coming-soon,404,Roadmap,,,true,false,true
Href link,false,https://westmountfundamentals.com/margin-calculator,200,https://westmountfundamentals.com/coming-soon,404,Roadmap,,,true,false,true
Href link,false,https://westmountfundamentals.com/dave-ramsey-investment-calculator,200,https://westmountfundamentals.com/time-sheet-calculator,404,Time Sheet Calculator,,,true,false,true
Href link,false,https://westmountfundamentals.com/russell-3000-vs-sp500,200,https://westmountfundamentals.com/coming-soon,404,Roadmap,,,true,false,true
Href link,false,https://westmountfundamentals.com/voo-etf-review-2026,200,https://westmountfundamentals.com/coming-soon,404,Roadmap,,,true,false,true
Href link,false,https://westmountfundamentals.com/what-are-growth-stocks,200,https://westmountfundamentals.com/coming-soon,404,Roadmap,,,true,false,true
Href link,false,https://westmountfundamentals.com/qqqi-dividend-calculator,200,https://westmountfundamentals.com/coming-soon,404,Roadmap,,,true,false,true
Href link,false,https://westmountfundamentals.com/cost-of-living-by-state-2026,200,https://westmountfundamentals.com/coming-soon,404,Roadmap,,,true,false,true
Href link,false,https://westmountfundamentals.com/how-do-stocks-work,200,https://westmountfundamentals.com/coming-soon,404,Roadmap,,,true,false,true
Href link,false,https://westmountfundamentals.com/best-stocks-for-beginners-with-little-money,200,https://westmountfundamentals.com/coming-soon,404,Roadmap,,,true,false,true
Href link,false,https://westmountfundamentals.com/qqq-etf-review-2026,200,https://westmountfundamentals.com/coming-soon,404,Roadmap,,,true,false,true
Href link,false,https://westmountfundamentals.com/guide-dividend-investing-beginners,200,https://westmountfundamentals.com/coming-soon,404,Roadmap,,,true,false,true
Href link,false,https://westmountfundamentals.com/stocks-to-invest-in,200,https://westmountfundamentals.com/coming-soon,404,Roadmap,,,true,false,true
Href link,false,https://westmountfundamentals.com/splg-etf-review-2026,200,https://westmountfundamentals.com/coming-soon,404,Roadmap,,,true,false,true
Href link,false,https://westmountfundamentals.com/msty-dividend-history,200,https://westmountfundamentals.com/coming-soon,404,Roadmap,,,true,false,true
Href link,false,https://westmountfundamentals.com/rrsp-home-buyers-plan,200,https://westmountfundamentals.com/coming-soon,404,Roadmap,,,true,false,true
Href link,false,https://westmountfundamentals.com/guide-options-basics,200,https://westmountfundamentals.com/coming-soon,404,Roadmap,,,true,false,true
Href link,false,https://westmountfundamentals.com/portfolio-risk-calculator,200,https://westmountfundamentals.com/coming-soon,404,Roadmap,,,true,false,true
Href link,false,https://westmountfundamentals.com/questrade-vs-ibkr,200,https://westmountfundamentals.com/coming-soon,404,Roadmap,,,true,false,true
Href link,false,https://westmountfundamentals.com/margin-calculator-stocks,200,https://westmountfundamentals.com/coming-soon,404,Roadmap,,,true,false,true
Href link,false,https://westmountfundamentals.com/best-performing-stocks-2026,200,https://westmountfundamentals.com/coming-soon,404,Roadmap,,,true,false,true
Href link,false,https://westmountfundamentals.com/rrsp-vs-tfsa-decision,200,https://westmountfundamentals.com/coming-soon,404,Roadmap,,,true,false,true
Href link,false,https://westmountfundamentals.com/ai-stocks,200,https://westmountfundamentals.com/coming-soon,404,Roadmap,,,true,false,true
Href link,false,https://westmountfundamentals.com/list-best-money-market-funds-2026,200,https://westmountfundamentals.com/coming-soon,404,Roadmap,,,true,false,true
Href link,false,https://westmountfundamentals.com/spy-vs-voo,200,https://westmountfundamentals.com/coming-soon,404,Roadmap,,,true,false,true
Href link,false,https://westmountfundamentals.com/largest-stock-buybacks-2026,200,https://westmountfundamentals.com/coming-soon,404,Roadmap,,,true,false,true
Href link,false,https://westmountfundamentals.com/stock-market-returns-by-year,200,https://westmountfundamentals.com/coming-soon,404,Roadmap,,,true,false,true
Href link,false,https://westmountfundamentals.com/debt-to-equity,200,https://westmountfundamentals.com/coming-soon,404,Roadmap,,,true,false,true
Href link,false,https://westmountfundamentals.com/sp500-earnings-growth-rankings,200,https://westmountfundamentals.com/coming-soon,404,Roadmap,,,true,false,true
Href link,false,https://westmountfundamentals.com/nancy-pelosi-stock-tracker,200,https://westmountfundamentals.com/heloc-payment-calculator,404,HELOC Payment Calculator,,,true,false,true
Href link,false,https://westmountfundamentals.com/ulty-dividend-calculator,200,https://westmountfundamentals.com/coming-soon,404,Roadmap,,,true,false,true
Href link,false,https://westmountfundamentals.com/insider-trading,200,https://westmountfundamentals.com/coming-soon,404,Roadmap,,,true,false,true
Href link,false,https://westmountfundamentals.com/best-brokerage-for-usd,200,https://westmountfundamentals.com/coming-soon,404,Roadmap,,,true,false,true
Href link,false,https://westmountfundamentals.com/equity-risk-premium,200,https://westmountfundamentals.com/coming-soon,404,Roadmap,,,true,false,true
Href link,false,https://westmountfundamentals.com/etf-flows-tracker-2026,200,https://westmountfundamentals.com/coming-soon,404,Roadmap,,,true,false,true
Href link,false,https://westmountfundamentals.com/what-are-the-most-volatile-stocks,200,https://westmountfundamentals.com/coming-soon,404,Roadmap,,,true,false,true
Href link,false,https://westmountfundamentals.com/difference-between-stocks-and-bonds,200,https://westmountfundamentals.com/coming-soon,404,Roadmap,,,true,false,true
Href link,false,https://westmountfundamentals.com/warren-buffett-portfolio-2026,200,https://westmountfundamentals.com/coming-soon,404,Roadmap,,,true,false,true
Href link,false,https://westmountfundamentals.com/cony-dividend,200,https://westmountfundamentals.com/coming-soon,404,Roadmap,,,true,false,true
Href link,false,https://westmountfundamentals.com/best-bond-etfs-canada,200,https://westmountfundamentals.com/coming-soon,404,Roadmap,,,true,false,true
Href link,false,https://westmountfundamentals.com/portfolio-visualizer,200,https://westmountfundamentals.com/coming-soon,404,Roadmap,,,true,false,true
Href link,false,https://westmountfundamentals.com/fortune-500-vs-sp500,200,https://westmountfundamentals.com/coming-soon,404,Roadmap,,,true,false,true
Href link,false,https://westmountfundamentals.com/best-reit-etfs-canada,200,https://westmountfundamentals.com/coming-soon,404,Roadmap,,,true,false,true
Href link,false,https://westmountfundamentals.com/best-stocks-to-invest-in-2025,200,https://westmountfundamentals.com/coming-soon,404,Roadmap,,,true,false,true
Href link,false,https://westmountfundamentals.com/operating-margin-by-industry-2026,200,https://westmountfundamentals.com/coming-soon,404,Roadmap,,,true,false,true
Href link,false,https://westmountfundamentals.com/rrsp-investment-options,200,https://westmountfundamentals.com/coming-soon,404,Roadmap,,,true,false,true
Href link,false,https://westmountfundamentals.com/list-highest-dividend-yield-stocks-2026,200,https://westmountfundamentals.com/coming-soon,404,Roadmap,,,true,false,true
Href link,false,https://westmountfundamentals.com/qqqi-dividend-history,200,https://westmountfundamentals.com/coming-soon,404,Roadmap,,,true,false,true
Href link,false,https://westmountfundamentals.com/schd-dividend,200,https://westmountfundamentals.com/coming-soon,404,Roadmap,,,true,false,true
Href link,false,https://westmountfundamentals.com/penny-stocks,200,https://westmountfundamentals.com/coming-soon,404,Roadmap,,,true,false,true
Href link,false,https://westmountfundamentals.com/how-to-invest-in-sp500,200,https://westmountfundamentals.com/coming-soon,404,Roadmap,,,true,false,true
