PR,URL,Title,Content type,Is rendered page,HTTP status code,Organic traffic,Is valid X (Twitter) card,X (Twitter) card attributes,X (Twitter) card values,Depth,Is indexable page,No. of all inlinks
40,https://westmountfundamentals.com/,Westmount Fundamentals,text/html; charset=utf-8,false,200,0,,,,0,true,293
22,https://westmountfundamentals.com/stock-split-calculator,Stock Split Calculator & Guide: How Forward and Reverse Splits Work,text/html; charset=utf-8,false,200,0,,,,0,true,29
22,https://westmountfundamentals.com/stock-comparison-tool,Stock Comparison Tool: Compare Any Two Stocks,text/html; charset=utf-8,false,200,0,,,,0,true,33
22,https://westmountfundamentals.com/average-stock-market-return,Average Stock Market Return: S&P 500 Historical Data 1928...,text/html; charset=utf-8,false,200,0,,,,0,true,30
21,https://westmountfundamentals.com/what-are-the-most-volatile-stocks,What Are the Most Volatile Stocks? Navigating Market Turbulence,text/html; charset=utf-8,false,200,0,,,,0,true,8
21,https://westmountfundamentals.com/what-are-growth-stocks,What Are Growth Stocks? Finding the Market's High Flyers,text/html; charset=utf-8,false,200,0,,,,0,true,9
21,https://westmountfundamentals.com/stock-market-fundamentals-guide,Stock Market Fundamentals: A Complete Guide,text/html; charset=utf-8,false,200,0,,,,0,true,10
21,https://westmountfundamentals.com/best-canadian-etfs-2026,Best Canadian ETFs in 2026: Complete Guide,text/html; charset=utf-8,false,200,0,,,,0,true,9
21,https://westmountfundamentals.com/wealthsimple-vs-questrade,Wealthsimple vs Questrade (2026): The Ultimate Comparison,text/html; charset=utf-8,false,200,0,,,,0,true,9
21,https://westmountfundamentals.com/interactive-brokers-canada,Interactive Brokers Canada (IBKR) Review 2026,text/html; charset=utf-8,false,200,0,,,,0,true,9
21,https://westmountfundamentals.com/rrsp-season-checklist,Complete RRSP Season Checklist,text/html; charset=utf-8,false,200,0,,,,0,true,9
21,https://westmountfundamentals.com/best-brokerage-for-beginners,Best Brokerage for Beginners in Canada (2026),text/html; charset=utf-8,false,200,0,,,,0,true,9
21,https://westmountfundamentals.com/canadian-brokerages-2026,Best Canadian Brokerages (2026): Complete Comparison & Guide,text/html; charset=utf-8,false,200,0,,,,0,true,9
21,https://westmountfundamentals.com/what-are-cyclical-stocks,What Are Cyclical Stocks? Riding the Economic Waves,text/html; charset=utf-8,false,200,0,,,,0,true,8
21,https://westmountfundamentals.com/questrade-vs-ibkr,Questrade vs Interactive Brokers (IBKR) 2026 Comparison,text/html; charset=utf-8,false,200,0,,,,0,true,8
20,https://westmountfundamentals.com/pe-ratio-by-sector-2026,P/E Ratio by Sector: S&P 500 Valuations 2026,text/html; charset=utf-8,false,200,0,,,,0,true,1
20,https://westmountfundamentals.com/dow-jones-vs-sp500,Dow Jones vs S&P 500: Key Differences and Comparison Tool,text/html; charset=utf-8,false,200,0,,,,0,true,1
20,https://westmountfundamentals.com/etf-comparison-tool,ETF Comparison Tool: Side-by-Side Analysis | Westmount,text/html; charset=utf-8,false,200,0,,,,0,true,4
20,https://westmountfundamentals.com/adobe-portfolio,Adobe Portfolio: Analyzing the Economic Moat,text/html; charset=utf-8,false,200,0,,,,0,true,3
20,https://westmountfundamentals.com/cost-of-living-by-state-2026,Cost of Living by State 2026: Affordability Ranked,text/html; charset=utf-8,false,200,0,,,,0,true,1
20,https://westmountfundamentals.com/ulty-dividend-calculator,ULTY Dividend Calculator & Income Projection,text/html; charset=utf-8,false,200,0,,,,0,true,1
20,https://westmountfundamentals.com/dividend-stocks,Top Dividend Stocks & Growth Guide,text/html; charset=utf-8,false,200,0,,,,0,true,3
20,https://westmountfundamentals.com/ulty-dividend-history,ULTY Dividend Analysis & History,text/html; charset=utf-8,false,200,0,,,,0,true,3
20,https://westmountfundamentals.com/what-is-dividend-income,What Is Dividend Income? The Ultimate Guide for 2026,text/html; charset=utf-8,false,200,0,,,,0,true,6
20,https://westmountfundamentals.com/broker-fees,Online Broker Fee Comparison 2026 — Westmount Research,text/html; charset=utf-8,false,200,0,,,,0,true,1
20,https://westmountfundamentals.com/rrsp-deadline-reminder,RRSP Deadline & Key Dates,text/html; charset=utf-8,false,200,0,,,,0,true,4
20,https://westmountfundamentals.com/dividend-definition,Dividend Definition: The Definitive Guide to Getting Paid to Invest,text/html; charset=utf-8,false,200,0,,,,0,true,6
20,https://westmountfundamentals.com/wealthsimple-vs-questrade-vs-ibkr-2026,Wealthsimple vs Questrade vs IBKR (2026 Comparison),text/html; charset=utf-8,false,200,0,,,,0,true,1
20,https://westmountfundamentals.com/schb-etf-review-2026,SCHB ETF Review: Schwab US Broad Market (2026),text/html; charset=utf-8,false,200,0,,,,0,true,1
20,https://westmountfundamentals.com/sector-pe-ratios,GICS Sector P/E Ratios 2026: Which Sectors Are Overvalued?,text/html; charset=utf-8,false,200,0,,,,0,true,1
20,https://westmountfundamentals.com/options-profit-calculator,Options Profit Calculator,text/html; charset=utf-8,false,200,0,,,,0,true,5
20,https://westmountfundamentals.com/guide-dividend-investing-beginners,Guide: Dividend Investing for Beginners (2026),text/html; charset=utf-8,false,200,0,,,,0,true,1
20,https://westmountfundamentals.com/msty-dividend-calculator,MSTY Dividend Calculator | Estimate Your YieldMax MSTR Income,text/html; charset=utf-8,false,200,0,,,,0,true,1
20,https://westmountfundamentals.com/equity-risk-premium,Earnings Yield vs Bond Yield: Is the Stock Market Fairly ...,text/html; charset=utf-8,false,200,0,,,,0,true,1
20,https://westmountfundamentals.com/rrsp-home-buyers-plan,RRSP Home Buyers' Plan (HBP),text/html; charset=utf-8,false,200,0,,,,0,true,4
20,https://westmountfundamentals.com/list-best-all-in-one-etfs-canada-2026,Best All-in-One ETFs in Canada 2026,text/html; charset=utf-8,false,200,0,,,,0,true,1
20,https://westmountfundamentals.com/sp500-top-10-holdings-weight-2026,S&P 500 Top 10 Stocks by Weight 2026,text/html; charset=utf-8,false,200,0,,,,0,true,1
20,https://westmountfundamentals.com/ipo-performance,IPO Performance Tracker: First-Year Returns 2024-2026,text/html; charset=utf-8,false,200,0,,,,0,true,1
20,https://westmountfundamentals.com/compare-dividend-etfs,"Compare Dividend ETFs: SCHD, VYM, JEPI & More",text/html; charset=utf-8,false,200,0,,,,0,true,1
20,https://westmountfundamentals.com/guide-options-basics,Options Trading for Beginners: A Complete Guide,text/html; charset=utf-8,false,200,0,,,,0,true,1
20,https://westmountfundamentals.com/how-to-buy-stocks,How to Buy Stocks: A Complete Guide for Beginners,text/html; charset=utf-8,false,200,0,,,,0,true,3
20,https://westmountfundamentals.com/guide-reading-financial-statements,How to Read Financial Statements - Westmount Fundamentals,text/html; charset=utf-8,false,200,0,,,,0,true,1
20,https://westmountfundamentals.com/guide-portfolio-diversification,Portfolio Diversification Guide: How Many Stocks Do You A...,text/html; charset=utf-8,false,200,0,,,,0,true,1
20,https://westmountfundamentals.com/consumer-portfolio-services,Consumer Portfolio Services (CPS): Analyzing Auto Finance,text/html; charset=utf-8,false,200,0,,,,0,true,3
20,https://westmountfundamentals.com/short-interest,Most Shorted Stocks 2026: Short Interest Rankings,text/html; charset=utf-8,false,200,0,,,,0,true,2
20,https://westmountfundamentals.com/rrsp-investment-options,What to Hold in Your RRSP,text/html; charset=utf-8,false,200,0,,,,0,true,3
20,https://westmountfundamentals.com/margin-calculator-stocks,Margin Calculator: Stock Borrowing & Maintenance Needs,text/html; charset=utf-8,false,200,0,,,,0,true,1
20,https://westmountfundamentals.com/average-institutional-ownership-2026,Average Institutional Ownership of US Public Companies,text/html; charset=utf-8,false,200,0,,,,0,true,1
20,https://westmountfundamentals.com/what-are-stocks,What Are Stocks? Understanding Equities and Growth,text/html; charset=utf-8,false,200,0,,,,0,true,6
20,https://westmountfundamentals.com/options-vs-stocks,Options vs Stocks: The Definitive Guide for Investors,text/html; charset=utf-8,false,200,0,,,,0,true,5
20,https://westmountfundamentals.com/penny-stocks,PENNY Dividend Analysis & History,text/html; charset=utf-8,false,200,0,,,,0,true,3
20,https://westmountfundamentals.com/guide-etf-investing-complete,The Complete Guide to ETF Investing (2026),text/html; charset=utf-8,false,200,0,,,,0,true,2
20,https://westmountfundamentals.com/recession-indicator-dashboard-2026,Recession Indicators Dashboard 2026,text/html; charset=utf-8,false,200,0,,,,0,true,1
20,https://westmountfundamentals.com/etf-fee-comparison,ETF Fee Comparison Calculator: The Hidden Cost of Investing,text/html; charset=utf-8,false,200,0,,,,0,true,3
20,https://westmountfundamentals.com/spy-vs-voo,SPY vs VOO: Which S&P 500 ETF is Better? | Westmount,text/html; charset=utf-8,false,200,0,,,,0,true,1
20,https://westmountfundamentals.com/topstep-dashboard,Topstep Dashboard Explained: Track Your Funded Trading,text/html; charset=utf-8,false,200,0,,,,0,true,1
20,https://westmountfundamentals.com/debt-to-income-ratio-calculator,Debt-to-Income Ratio Calculator | Westmount,text/html; charset=utf-8,false,200,0,,,,0,true,1
20,https://westmountfundamentals.com/jepq-dividend,JEPQ Dividend Analysis & History,text/html; charset=utf-8,false,200,0,,,,0,true,7
20,https://westmountfundamentals.com/gold-vs-stocks-historical,Gold vs Stocks: 50-Year Performance Comparison (1975-2026),text/html; charset=utf-8,false,200,0,,,,0,true,1
20,https://westmountfundamentals.com/lowest-expense-ratio-etfs-2026,The Cheapest ETFs in 2026: Lowest Expense Ratio ETFs by C...,text/html; charset=utf-8,false,200,0,,,,0,true,1
20,https://westmountfundamentals.com/market-concentration,S&P 500 Market Cap Concentration 2026 — Westmount Research,text/html; charset=utf-8,false,200,0,,,,0,true,1
20,https://westmountfundamentals.com/qqqi-dividend-history,QQQI Dividend Analysis & History,text/html; charset=utf-8,false,200,0,,,,0,true,5
20,https://westmountfundamentals.com/paper-trading-simulator,Free Paper Trading Simulator & Virtual Portfolio Manager,text/html; charset=utf-8,false,200,0,,,,0,true,1
20,https://westmountfundamentals.com/schd-dividend-calculator,SCHD Dividend Calculator,text/html; charset=utf-8,false,200,0,,,,0,true,1
20,https://westmountfundamentals.com/qqq-etf-review-2026,QQQ ETF Review (2026): Invesco Nasdaq 100 Holdings,text/html; charset=utf-8,false,200,0,,,,0,true,4
20,https://westmountfundamentals.com/sp500-dividend-yield-history,S&P 500 Dividend Yield History: 1960–2026 Complete Data,text/html; charset=utf-8,false,200,0,,,,0,true,1
20,https://westmountfundamentals.com/schd-vs-qqqi,SCHD vs QQQI: Dividend Growth vs High Options Income,text/html; charset=utf-8,false,200,0,,,,0,true,1
20,https://westmountfundamentals.com/best-stocks-to-buy-right-now,Best Stocks to Buy Right Now (2026 Picks),text/html; charset=utf-8,false,200,0,,,,0,true,3
20,https://westmountfundamentals.com/guide-asset-allocation-by-age,Asset Allocation by Age: Portfolios,text/html; charset=utf-8,false,200,0,,,,0,true,2
20,https://westmountfundamentals.com/difference-between-stocks-and-bonds,The Difference Between Stocks and Bonds: A Guide for Investors,text/html; charset=utf-8,false,200,0,,,,0,true,4
20,https://westmountfundamentals.com/roe-rankings,Return on Equity Rankings: Most Efficient S&P 500 Compani...,text/html; charset=utf-8,false,200,0,,,,0,true,1
20,https://westmountfundamentals.com/value-vs-growth-stocks-2026,Value vs Growth Stocks: Performance Comparison (2026),text/html; charset=utf-8,false,200,0,,,,0,true,1
20,https://westmountfundamentals.com/high-dividend-stocks,HIGH Dividend Analysis & History,text/html; charset=utf-8,false,200,0,,,,0,true,2
20,https://westmountfundamentals.com/sp500-historical-returns-by-year,S&P 500 Annual Returns by Year (1928-2026),text/html; charset=utf-8,false,200,0,,,,0,true,1
20,https://westmountfundamentals.com/best-stocks-to-invest-in-2025,Best Stocks to Invest in 2025 & Beyond,text/html; charset=utf-8,false,200,0,,,,0,true,3
20,https://westmountfundamentals.com/best-all-in-one-etfs,"Best All-in-One ETFs in Canada 2026: VGRO, XGRO, VBAL, XEQT",text/html; charset=utf-8,false,200,0,,,,0,true,5
20,https://westmountfundamentals.com/guide-tax-loss-harvesting,Tax Loss Harvesting Explained: Turn Losing Stocks Into Ta...,text/html; charset=utf-8,false,200,0,,,,0,true,1
20,https://westmountfundamentals.com/guide-sp500-index-funds,How to Choose an S&P 500 Index Fund (2026 Guide),text/html; charset=utf-8,false,200,0,,,,0,true,3
20,https://westmountfundamentals.com/guide-rebalancing-strategies,Portfolio Rebalancing Strategy: When & How Often to Rebal...,text/html; charset=utf-8,false,200,0,,,,0,true,1
20,https://westmountfundamentals.com/best-performing-stocks-2026,Best Performing Stocks 2026 YTD: Top Gainers in the S&P 500,text/html; charset=utf-8,false,200,0,,,,0,true,1
20,https://westmountfundamentals.com/tsly-dividend-history,TSLY Dividend Analysis & History,text/html; charset=utf-8,false,200,0,,,,0,true,3
20,https://westmountfundamentals.com/margin-calculator,Margin & Leverage Calculator | Westmount Fundamentals,text/html; charset=utf-8,false,200,0,,,,0,true,2
20,https://westmountfundamentals.com/warren-buffett-portfolio-2026,Warren Buffett's Portfolio 2026: Every Berkshire Hathaway...,text/html; charset=utf-8,false,200,0,,,,0,true,1
20,https://westmountfundamentals.com/spousal-rrsp-guide,Spousal RRSP Guide,text/html; charset=utf-8,false,200,0,,,,0,true,4
20,https://westmountfundamentals.com/bond-yield-curve-2026,Treasury Yield Curve 2026: Current Rates and Inversion An...,text/html; charset=utf-8,false,200,0,,,,0,true,1
20,https://westmountfundamentals.com/quantum-computing-stocks,Quantum Computing Stocks: The Complete 2025-2026 Guide,text/html; charset=utf-8,false,200,0,,,,0,true,3
20,https://westmountfundamentals.com/guide-bond-ratings,Understanding Bond Ratings & Fixed Income,text/html; charset=utf-8,false,200,0,,,,0,true,1
20,https://westmountfundamentals.com/magnificent-seven-stocks-2026,"Magnificent 7 Stocks 2026: Performance, Valuations, and W...",text/html; charset=utf-8,false,200,0,,,,0,true,2
20,https://westmountfundamentals.com/msty-dividend-history,MSTY Dividend Analysis & History,text/html; charset=utf-8,false,200,0,,,,0,true,2
20,https://westmountfundamentals.com/bond-etf-expense-ratio-comparison,Bond ETF Expense Ratios Compared: BND vs IUSB vs AGG vs SCHZ,text/html; charset=utf-8,false,200,0,,,,0,true,1
20,https://westmountfundamentals.com/nuclear-energy-stocks,Nuclear Energy Stocks: The Complete Investment Guide,text/html; charset=utf-8,false,200,0,,,,0,true,1
20,https://westmountfundamentals.com/short-squeeze-candidates-march-2026,Short Squeeze Candidates March 2026: Stocks Most Likely t...,text/html; charset=utf-8,false,200,0,,,,0,true,1
20,https://westmountfundamentals.com/stock-options-calculator,Stock Options Calculator | Option Pricing & Value,text/html; charset=utf-8,false,200,0,,,,0,true,5
20,https://westmountfundamentals.com/list-highest-dividend-yield-stocks-2026,50 Highest Dividend Yield Stocks in S&P 500 (2026),text/html; charset=utf-8,false,200,0,,,,0,true,1
20,https://westmountfundamentals.com/best-international-etfs-canada,"Best International ETFs in Canada 2026: VIU, XEF, ZEA",text/html; charset=utf-8,false,200,0,,,,0,true,4
20,https://westmountfundamentals.com/list-best-target-date-funds-2026,Best Target Date Funds 2026,text/html; charset=utf-8,false,200,0,,,,0,true,1
20,https://westmountfundamentals.com/best-sp500-index-funds-2026,Best S&P 500 Index Funds 2026: VOO vs IVV vs SPLG vs SPY,text/html; charset=utf-8,false,200,0,,,,0,true,4
20,https://westmountfundamentals.com/ceo-compensation,CEO Compensation vs Stock Performance 2026,text/html; charset=utf-8,false,200,0,,,,0,true,1
20,https://westmountfundamentals.com/rrsp-contribution-calculator,RRSP Contribution Calculator,text/html; charset=utf-8,false,200,0,,,,0,true,5
20,https://westmountfundamentals.com/dividend-yield-calculator,Dividend Yield Calculator: Annual Income Estimator,text/html; charset=utf-8,false,200,0,,,,0,true,6
20,https://westmountfundamentals.com/sp500-investment-calculator,S&P 500 Investment Calculator | See Your True Compound Growth,text/html; charset=utf-8,false,200,0,,,,0,true,3
20,https://westmountfundamentals.com/vea-etf-review-2026,VEA ETF Review: Vanguard Developed Markets (2026),text/html; charset=utf-8,false,200,0,,,,0,true,1
20,https://westmountfundamentals.com/guide-tax-efficient-investing,Tax-Efficient Investing: Complete Strategy Guide,text/html; charset=utf-8,false,200,0,,,,0,true,1
20,https://westmountfundamentals.com/stock-screener,S&P 500 Stock Screener Tool | Westmount Research,text/html; charset=utf-8,false,200,0,,,,0,true,4
20,https://westmountfundamentals.com/sp500-sector-weights,S&P 500 Sector Weights: The 25-Year Rotation (2000-2026),text/html; charset=utf-8,false,200,0,,,,0,true,1
20,https://westmountfundamentals.com/best-equity-etfs-canada,"Best Canadian Equity ETFs in 2026: XIU, VCN, ZCN, and HXT",text/html; charset=utf-8,false,200,0,,,,0,true,5
20,https://westmountfundamentals.com/etf-vs-index-funds-guide,ETF vs Index Fund Comparison Guide | Westmount Fundamentals,text/html; charset=utf-8,false,200,0,,,,0,true,1
20,https://westmountfundamentals.com/ai-stocks-to-watch-2026,AI Stocks to Watch 2026 - Westmount Fundamentals,text/html; charset=utf-8,false,200,0,,,,0,true,1
20,https://westmountfundamentals.com/guide-understanding-pe-ratio,Understanding P/E Ratio: What Investors Need to Know,text/html; charset=utf-8,false,200,0,,,,0,true,2
20,https://westmountfundamentals.com/etf-tax-efficiency-comparison,ETF Tax Efficiency: Which Fund Structures Save You the Most?,text/html; charset=utf-8,false,200,0,,,,0,true,2
20,https://westmountfundamentals.com/dividend-investing-guide,What is Dividend Investing? A Complete Guide to Income Investing,text/html; charset=utf-8,false,200,0,,,,0,true,6
20,https://westmountfundamentals.com/buyback-leaders,Stock Buyback Leaders 2026: Who Is Repurchasing the Most ...,text/html; charset=utf-8,false,200,0,,,,0,true,1
20,https://westmountfundamentals.com/how-to-pick-stocks,How to Pick Stocks: A Practical Framework for Beginners,text/html; charset=utf-8,false,200,0,,,,0,true,5
20,https://westmountfundamentals.com/ev-ebitda-sectors,EV/EBITDA by Sector: Enterprise Value Multiples 2026,text/html; charset=utf-8,false,200,0,,,,0,true,1
20,https://westmountfundamentals.com/fortune-500-vs-sp500,Fortune 500 vs S&P 500: What's the Difference?,text/html; charset=utf-8,false,200,0,,,,0,true,1
20,https://westmountfundamentals.com/vgro-etf-review-2026,VGRO ETF Review 2026: 80/20 Portfolio Canada,text/html; charset=utf-8,false,200,0,,,,0,true,1
20,https://westmountfundamentals.com/best-etfs-canada-2026,Best ETFs in Canada (2026): Top Picks by Category,text/html; charset=utf-8,false,200,0,,,,0,true,2
20,https://westmountfundamentals.com/vti-etf-review-2026,VTI ETF Review 2026: Vanguard Total Stock Market Analysis,text/html; charset=utf-8,false,200,0,,,,0,true,2
20,https://westmountfundamentals.com/guide-value-investing,Value Investing Fundamentals | Westmount Research,text/html; charset=utf-8,false,200,0,,,,0,true,2
20,https://westmountfundamentals.com/housing-affordability-index-2026,Housing Affordability Index 2026: US vs Canada,text/html; charset=utf-8,false,200,0,,,,0,true,0
20,https://westmountfundamentals.com/best-bond-etfs-2026,Best Bond ETFs 2026: Compare Yields & Performance,text/html; charset=utf-8,false,200,0,,,,0,true,2
20,https://westmountfundamentals.com/small-cap-value-stocks-2026,Small Cap Value Stocks 2026: Undervalued Small Companies ...,text/html; charset=utf-8,false,200,0,,,,0,true,1
20,https://westmountfundamentals.com/list-best-monthly-dividend-stocks,Best Monthly Dividend Stocks & ETFs (2026),text/html; charset=utf-8,false,200,0,,,,0,true,1
20,https://westmountfundamentals.com/best-stocks-to-buy-now,Best Stocks to Buy Now: Comprehensive Guide,text/html; charset=utf-8,false,200,0,,,,0,true,3
20,https://westmountfundamentals.com/what-is-a-dividend-stock,What is a Dividend Stock? | Complete Guide for Beginners,text/html; charset=utf-8,false,200,0,,,,0,true,6
20,https://westmountfundamentals.com/future-value-calculator,Future Value Calculator,text/html; charset=utf-8,false,200,0,,,,0,true,2
20,https://westmountfundamentals.com/debt-to-equity,Debt-to-Equity Rankings: Most & Least Leveraged S&P 500 C...,text/html; charset=utf-8,false,200,0,,,,0,true,1
20,https://westmountfundamentals.com/ramsey-investment-calculator,Dave Ramsey Investment Calculator: Will 12% Returns Make You Rich?,text/html; charset=utf-8,false,200,0,,,,0,true,4
20,https://westmountfundamentals.com/russell-3000-vs-sp500,Russell 3000 vs S&P 500: Total Market Comparison Tool,text/html; charset=utf-8,false,200,0,,,,0,true,1
20,https://westmountfundamentals.com/best-ai-stocks,Best AI Stocks 2026: Top Artificial Intelligence Companies,text/html; charset=utf-8,false,200,0,,,,0,true,3
20,https://westmountfundamentals.com/guide-emergency-fund,Emergency Fund Guide: How Much to Save & Where,text/html; charset=utf-8,false,200,0,,,,0,true,1
20,https://westmountfundamentals.com/cony-dividend,CONY Dividend Analysis & History,text/html; charset=utf-8,false,200,0,,,,0,true,2
20,https://westmountfundamentals.com/best-stocks,Best Growth Stocks: Dividend Analysis & History,text/html; charset=utf-8,false,200,0,,,,0,true,3
20,https://westmountfundamentals.com/inflation-adjusted-stock-returns,Inflation-Adjusted Stock Returns: Real S&P 500 Returns 19...,text/html; charset=utf-8,false,200,0,,,,0,true,1
20,https://westmountfundamentals.com/ai-stocks-to-buy,Top AI Stocks to Buy in 2026: Complete Data & Analysis,text/html; charset=utf-8,false,200,0,,,,0,true,3
20,https://westmountfundamentals.com/splg-etf-review-2026,SPLG ETF Review: SPDR Portfolio S&P 500 (2026),text/html; charset=utf-8,false,200,0,,,,0,true,1
20,https://westmountfundamentals.com/tfsa-contribution-room-2026,TFSA Contribution Room & Limits (2026 Calculator),text/html; charset=utf-8,false,200,0,,,,0,true,1
20,https://westmountfundamentals.com/stock-splits-history,Stock Split History & Post-Split Performance (2020-2026),text/html; charset=utf-8,false,200,0,,,,0,true,1
20,https://westmountfundamentals.com/select-portfolio-servicing,Select Portfolio Servicing (SPS): The Mortgage Engine,text/html; charset=utf-8,false,200,0,,,,0,true,3
20,https://westmountfundamentals.com/voo-etf-review-2026,VOO ETF Review (2026): Vanguard S&P 500 Fees & Performance,text/html; charset=utf-8,false,200,0,,,,0,true,3
20,https://westmountfundamentals.com/what-is-a-52-week-high,What is a 52-Week High? Using Price History to Pick Stocks,text/html; charset=utf-8,false,200,0,,,,0,true,3
20,https://westmountfundamentals.com/dividend-aristocrats,All 67 Dividend Aristocrats List (2026) — Complete List Sorted by Yield,text/html; charset=utf-8,false,200,0,,,,0,true,2
20,https://westmountfundamentals.com/list-best-money-market-funds-2026,Best Money Market Funds 2026: Top Yields Ranked,text/html; charset=utf-8,false,200,0,,,,0,true,1
20,https://westmountfundamentals.com/sp500-returns-by-month,S&P 500 Returns by Month: Seasonal Market Patterns,text/html; charset=utf-8,false,200,0,,,,0,true,1
20,https://westmountfundamentals.com/insider-trading,Insider Trading Tracker: Who Is Buying & Selling Their Ow...,text/html; charset=utf-8,false,200,0,,,,0,true,1
20,https://westmountfundamentals.com/vcsh-etf-review-2026,VCSH ETF Review: Vanguard Short-Term Corp Bond,text/html; charset=utf-8,false,200,0,,,,0,true,1
20,https://westmountfundamentals.com/roi-calculator,Return on Investment (ROI) Calculator | Westmount Fundamentals,text/html; charset=utf-8,false,200,0,,,,0,true,4
20,https://westmountfundamentals.com/options-trading-simulator,Options Trading Simulator: Free Practice Calculator,text/html; charset=utf-8,false,200,0,,,,0,true,5
20,https://westmountfundamentals.com/highest-dividend-stocks,Highest Dividend Stocks 2026: Top Yields Ranked,text/html; charset=utf-8,false,200,0,,,,0,true,3
20,https://westmountfundamentals.com/retirement-withdrawal-calculator,Retirement Withdrawal Calculator: 4% Rule & Beyond,text/html; charset=utf-8,false,200,0,,,,0,true,1
20,https://westmountfundamentals.com/how-to-trade-stocks,How to Trade Stocks: The Definitive Beginner's Guide,text/html; charset=utf-8,false,200,0,,,,0,true,3
20,https://westmountfundamentals.com/revenue-per-employee,Revenue Per Employee: The Most Efficient Companies in the...,text/html; charset=utf-8,false,200,0,,,,0,true,1
20,https://westmountfundamentals.com/dave-ramsey-investment-calculator,Dave Ramsey Investment Calculator | Compound Interest Growth,text/html; charset=utf-8,false,200,0,,,,0,true,1
20,https://westmountfundamentals.com/qqq-vs-sp500,QQQ vs S&P 500: Compare Index Funds & Performance,text/html; charset=utf-8,false,200,0,,,,0,true,1
20,https://westmountfundamentals.com/voo-dividend,VOO Dividend Analysis & History,text/html; charset=utf-8,false,200,0,,,,0,true,4
20,https://westmountfundamentals.com/most-shorted-stocks-march-2026,Most Shorted Stocks March 2026: Complete Short Interest R...,text/html; charset=utf-8,false,200,0,,,,0,true,1
20,https://westmountfundamentals.com/wage-growth-vs-inflation-2026,Wage Growth vs Inflation Tracker 2026 | Real Income Data,text/html; charset=utf-8,false,200,0,,,,0,true,1
20,https://westmountfundamentals.com/dividend-yield-vs-growth,Dividend Yield vs Growth Rate: S&P 500 Analysis 2026,text/html; charset=utf-8,false,200,0,,,,0,true,1
20,https://westmountfundamentals.com/drip-calculator,DRIP Calculator (Dividend Reinvestment Plan),text/html; charset=utf-8,false,200,0,,,,0,true,2
20,https://westmountfundamentals.com/ai-stocks,Top AI Stocks: Dividend Analysis & History,text/html; charset=utf-8,false,200,0,,,,0,true,3
20,https://westmountfundamentals.com/guide-index-fund-investing-beginners,Index Fund Investing for Beginners,text/html; charset=utf-8,false,200,0,,,,0,true,1
20,https://westmountfundamentals.com/how-to-invest-in-sp500,How to Invest in the S&P 500: A Complete Guide,text/html; charset=utf-8,false,200,0,,,,0,true,3
20,https://westmountfundamentals.com/free-cash-flow-yield,Free Cash Flow Yield: Top 50 S&P 500 Companies 2026,text/html; charset=utf-8,false,200,0,,,,0,true,1
20,https://westmountfundamentals.com/present-value-calculator,Present Value Calculator,text/html; charset=utf-8,false,200,0,,,,0,true,2
20,https://westmountfundamentals.com/sp500-companies-complete-list-2026,S&P 500 Companies Complete List (2026 Updated),text/html; charset=utf-8,false,200,0,,,,0,true,2
20,https://westmountfundamentals.com/real-return-calculator,Real Return Calculator: Inflation-Adjusted Returns,text/html; charset=utf-8,false,200,0,,,,0,true,1
20,https://westmountfundamentals.com/spy-etf-review-2026,SPY ETF Review 2026: SPDR S&P 500 Trust Analysis,text/html; charset=utf-8,false,200,0,,,,0,true,3
20,https://westmountfundamentals.com/td-direct-vs-discount,TD Direct Investing vs Discount Brokers (2026),text/html; charset=utf-8,false,200,0,,,,0,true,5
20,https://westmountfundamentals.com/sp500-earnings-growth-rankings,S&P 500 Earnings Growth Rankings 2026: Fastest Growing Co...,text/html; charset=utf-8,false,200,0,,,,0,true,1
20,https://westmountfundamentals.com/what-are-mid-cap-stocks,What Are Mid-Cap Stocks? The Sweet Spot of Investing,text/html; charset=utf-8,false,200,0,,,,0,true,7
20,https://westmountfundamentals.com/stocks-for-beginners,Stocks for Beginners: The Ultimate Guide to Investing,text/html; charset=utf-8,false,200,0,,,,0,true,5
20,https://westmountfundamentals.com/portfolio-recovery,Portfolio Recovery: The Math of Drawdowns,text/html; charset=utf-8,false,200,0,,,,0,true,3
20,https://westmountfundamentals.com/nancy-pelosi-stock-tracker,Nancy Pelosi Stock Tracker: Congressional Copy-Trade Calculator,text/html; charset=utf-8,false,200,0,,,,0,true,1
20,https://westmountfundamentals.com/qqqi-dividend-calculator,QQQI Dividend Income Calculator & Yield Projector,text/html; charset=utf-8,false,200,0,,,,0,true,1
20,https://westmountfundamentals.com/price-to-book,Price-to-Book Ratio Rankings by Sector 2026,text/html; charset=utf-8,false,200,0,,,,0,true,1
20,https://westmountfundamentals.com/etf-flows-tracker-2026,ETF Fund Flows Tracker: Inflows & Outflows (2026),text/html; charset=utf-8,false,200,0,,,,0,true,1
20,https://westmountfundamentals.com/canadian-dividend-aristocrats-2026,Canadian Dividend Aristocrats Complete List (2026),text/html; charset=utf-8,false,200,0,,,,0,true,1
20,https://westmountfundamentals.com/stock-market-returns-by-year,Stock Market Returns by Year: S&P 500 Annual Performance ...,text/html; charset=utf-8,false,200,0,,,,0,true,1
20,https://westmountfundamentals.com/guide-stock-market-basics,Stock Market Basics | Westmount Research,text/html; charset=utf-8,false,200,0,,,,0,true,4
20,https://westmountfundamentals.com/voo-vs-sp500,VOO vs S&P 500: What's the Real Difference?,text/html; charset=utf-8,false,200,0,,,,0,true,1
20,https://westmountfundamentals.com/average-etf-expense-ratio-2026,Average ETF Expense Ratio (2026): What You Should Actuall...,text/html; charset=utf-8,false,200,0,,,,0,true,1
20,https://westmountfundamentals.com/jepi-dividend,JEPI Dividend Analysis & History,text/html; charset=utf-8,false,200,0,,,,0,true,4
20,https://westmountfundamentals.com/best-dividend-etfs-canada,"Best Dividend ETFs in Canada 2026: VDY, XDV, CDZ, PDC",text/html; charset=utf-8,false,200,0,,,,0,true,5
20,https://westmountfundamentals.com/xeqt-etf-review-2026,XEQT ETF Review 2026: iShares All Equity ETF vs VEQT,text/html; charset=utf-8,false,200,0,,,,0,true,1
20,https://westmountfundamentals.com/guide-etf-investing,The Complete Guide to ETF Investing | Westmount Fundamentals,text/html; charset=utf-8,false,200,0,,,,0,true,2
20,https://westmountfundamentals.com/guide-how-etf-expense-ratios-work,How Are ETF Expense Ratios Paid? Everything Investors Nee...,text/html; charset=utf-8,false,200,0,,,,0,true,2
20,https://westmountfundamentals.com/best-international-etfs-2026,Best International ETFs 2026: Top Foreign Funds Ranked,text/html; charset=utf-8,false,200,0,,,,0,true,2
20,https://westmountfundamentals.com/what-is-dividend,What Is Dividend Yield? A Complete Overview,text/html; charset=utf-8,false,200,0,,,,0,true,1
20,https://westmountfundamentals.com/institutional-ownership,Institutional Ownership: Most & Least Owned Stocks 2026,text/html; charset=utf-8,false,200,0,,,,0,true,1
20,https://westmountfundamentals.com/largest-stock-buybacks-2026,Largest Stock Buybacks 2026: Which Companies Are Buying B...,text/html; charset=utf-8,false,200,0,,,,0,true,1
20,https://westmountfundamentals.com/qqq-vs-qqqm,QQQ vs QQQM: Expense Ratio & Comparison Tool,text/html; charset=utf-8,false,200,0,,,,0,true,1
20,https://westmountfundamentals.com/best-dividend-etfs-canada-2026,"Best Dividend ETFs in Canada 2026: XDV, VDY, CDZ Compared",text/html; charset=utf-8,false,200,0,,,,0,true,1
20,https://westmountfundamentals.com/investment-calculator,Investment Calculator: See How Your Money Grows,text/html; charset=utf-8,false,200,0,,,,0,true,4
20,https://westmountfundamentals.com/best-reit-etfs-canada,"Best REIT ETFs in Canada 2026: VRE, ZRE, XRE",text/html; charset=utf-8,false,200,0,,,,0,true,3
20,https://westmountfundamentals.com/dividend-aristocrats-analysis-2026,"Dividend Aristocrats Analysis 2026: Yield, Payout & Growth",text/html; charset=utf-8,false,200,0,,,,0,true,1
20,https://westmountfundamentals.com/insider-buying-tracker-2026,S&P 500 Insider Buying Tracker (2026),text/html; charset=utf-8,false,200,0,,,,0,true,1
20,https://westmountfundamentals.com/schd-dividend,SCHD Dividend Analysis & History,text/html; charset=utf-8,false,200,0,,,,0,true,5
20,https://westmountfundamentals.com/best-us-equity-etfs-canada,Best US Equity ETFs for Canadians in 2026: VFV vs ZSP,text/html; charset=utf-8,false,200,0,,,,0,true,4
20,https://westmountfundamentals.com/position-size-calculator,Position Size Calculator: Stock Risk Management Tool,text/html; charset=utf-8,false,200,0,,,,0,true,1
20,https://westmountfundamentals.com/rrsp-vs-tfsa-decision,RRSP vs TFSA: How to Choose,text/html; charset=utf-8,false,200,0,,,,0,true,4
20,https://westmountfundamentals.com/dividend-reinvestment-calculator,Dividend Reinvestment Calculator (DRIP) - Westmount Funda...,text/html; charset=utf-8,false,200,0,,,,0,true,1
20,https://westmountfundamentals.com/investment-planner,Investment Planner & Portfolio Growth Calculator | Westmount Fundamentals,text/html; charset=utf-8,false,200,0,,,,0,true,4
20,https://westmountfundamentals.com/guide-dollar-cost-averaging,Dollar-Cost Averaging: Does It Actually Beat Lump Sum Inv...,text/html; charset=utf-8,false,200,0,,,,0,true,1
20,https://westmountfundamentals.com/qyld-dividend,QYLD Dividend Analysis & History,text/html; charset=utf-8,false,200,0,,,,0,true,5
20,https://westmountfundamentals.com/fire-retirement-calculator,FIRE Retirement Calculator | Westmount Fundamentals,text/html; charset=utf-8,false,200,0,,,,0,true,1
20,https://westmountfundamentals.com/portfolio-risk-calculator,Advanced Portfolio Risk Calculator | Westmount Research,text/html; charset=utf-8,false,200,0,,,,0,true,1
20,https://westmountfundamentals.com/wealthsimple-review-2026,Wealthsimple Review 2026: Zero Commissions & Premium Tiers,text/html; charset=utf-8,false,200,0,,,,0,true,4
20,https://westmountfundamentals.com/best-growth-etfs-2026,"Best Growth ETFs 2026: VUG, QQQ & Top Funds Compared",text/html; charset=utf-8,false,200,0,,,,0,true,2
20,https://westmountfundamentals.com/portfolio-visualizer,Portfolio Visualizer: Backtesting and Risk Analysis,text/html; charset=utf-8,false,200,0,,,,0,true,3
20,https://westmountfundamentals.com/dividend-aristocrats-complete-list-2026,Complete List of S&P 500 Dividend Aristocrats,text/html; charset=utf-8,false,200,0,,,,0,true,1
20,https://westmountfundamentals.com/sp500-peg-ratios,S&P 500 PEG Ratio Rankings 2026 - Westmount Fundamentals,text/html; charset=utf-8,false,200,0,,,,0,true,1
20,https://westmountfundamentals.com/best-dividend-etfs-2026,"Best Dividend ETFs 2026: Yield, Growth, and Total Return ...",text/html; charset=utf-8,false,200,0,,,,0,true,2
20,https://westmountfundamentals.com/stocks-101,Stocks 101: The Definitive Guide to How the Stock Market Works,text/html; charset=utf-8,false,200,0,,,,0,true,5
20,https://westmountfundamentals.com/how-do-stocks-work,How Do Stocks Work? A Beginner's Guide to the Market,text/html; charset=utf-8,false,200,0,,,,0,true,1
20,https://westmountfundamentals.com/cheap-stocks-to-buy-now,Cheap Stocks to Buy Now: Undervalued Picks 2026,text/html; charset=utf-8,false,200,0,,,,0,true,3
20,https://westmountfundamentals.com/rrsp-contribution-limit-2026,RRSP Contribution Limit & Deduction Calculator 2026,text/html; charset=utf-8,false,200,0,,,,0,true,1
20,https://westmountfundamentals.com/beta-volatility,Beta & Volatility Rankings: S&P 500 Risk Analysis (2026),text/html; charset=utf-8,false,200,0,,,,0,true,1
20,https://westmountfundamentals.com/stock-correlation-matrix-2026,Stock Correlation Matrix 2026: What Actually Diversifies?,text/html; charset=utf-8,false,200,0,,,,0,true,1
20,https://westmountfundamentals.com/operating-margin-by-industry-2026,Operating Margin by Industry: Profitability Rankings (2026),text/html; charset=utf-8,false,200,0,,,,0,true,1
20,https://westmountfundamentals.com/options-calculator,Options Calculator | Black-Scholes Pricing & Greeks,text/html; charset=utf-8,false,200,0,,,,0,true,7
20,https://westmountfundamentals.com/guide-roth-vs-traditional-ira,Roth vs Traditional IRA: Complete Decision Guide,text/html; charset=utf-8,false,200,0,,,,0,true,2
20,https://westmountfundamentals.com/working-capital,Working Capital Efficiency Rankings 2026,text/html; charset=utf-8,false,200,0,,,,0,true,1
20,https://westmountfundamentals.com/monte-carlo-portfolio-simulator,Monte Carlo Portfolio Simulator | Westmount Fundamentals,text/html; charset=utf-8,false,200,0,,,,0,true,1
20,https://westmountfundamentals.com/market-concentration-analysis-2026,Stock Market Concentration Analysis 2026 | Westmount Fundamentals,text/html; charset=utf-8,false,200,0,,,,0,true,1
20,https://westmountfundamentals.com/stocks-to-invest-in,Stocks to Invest In: A Comprehensive Guide for 2025 and 2026,text/html; charset=utf-8,false,200,0,,,,0,true,1
20,https://westmountfundamentals.com/sp500-earnings-calendar-2026,S&P 500 Earnings Calendar 2026: Upcoming Reports,text/html; charset=utf-8,false,200,0,,,,0,true,1
20,https://westmountfundamentals.com/highest-expense-ratio-etfs-2026,The Most Expensive ETFs in 2026: Are You Overpaying?,text/html; charset=utf-8,false,200,0,,,,0,true,1
20,https://westmountfundamentals.com/dividend-payout-ratios,Dividend Payout Ratio Analysis 2026 | Westmount Fundamentals,text/html; charset=utf-8,false,200,0,,,,0,true,1
20,https://westmountfundamentals.com/best-stocks-for-beginners-with-little-money,Best Stocks for Beginners With Little Money in 2026,text/html; charset=utf-8,false,200,0,,,,0,true,3
20,https://westmountfundamentals.com/rrsp-overcontribution-guide,RRSP Over-Contribution Guide,text/html; charset=utf-8,false,200,0,,,,0,true,3
20,https://westmountfundamentals.com/list-safest-dividend-stocks-2026,20 Safest Dividend Stocks for Income Investors (2026),text/html; charset=utf-8,false,200,0,,,,0,true,1
20,https://westmountfundamentals.com/best-dividend-stocks,Best Dividend Analysis & History,text/html; charset=utf-8,false,200,0,,,,0,true,3
20,https://westmountfundamentals.com/sector-rotation-analysis-2026,Sector Rotation Analysis & Predictions 2026 | Westmount Fundamentals,text/html; charset=utf-8,false,200,0,,,,0,true,1
20,https://westmountfundamentals.com/brokerage-fee-calculator,Canadian Brokerage Fee Calculator (2026),text/html; charset=utf-8,false,200,0,,,,0,true,3
20,https://westmountfundamentals.com/how-to-start-investing,How to Start Investing in Stocks (A No-Nonsense Guide),text/html; charset=utf-8,false,200,0,,,,0,true,5
20,https://westmountfundamentals.com/options-trading-strategy-guide,Options Trading Strategy Guide | Westmount Fundamentals,text/html; charset=utf-8,false,200,0,,,,0,true,1
20,https://westmountfundamentals.com/reit-dividend-yields-2026,REIT Dividend Yields 2026: Highest Yielding REITs Ranked,text/html; charset=utf-8,false,200,0,,,,0,true,1
20,https://westmountfundamentals.com/what-are-esg-stocks,What Are ESG Stocks? Investing with Impact,text/html; charset=utf-8,false,200,0,,,,0,true,2
20,https://westmountfundamentals.com/how-to-invest-in-stocks,How to Invest in Stocks: The Complete Guide,text/html; charset=utf-8,false,200,0,,,,0,true,5
20,https://westmountfundamentals.com/sp500-for-beginners,How to Invest in S&P 500 for Beginners (2026 Guide),text/html; charset=utf-8,false,200,0,,,,0,true,3
20,https://westmountfundamentals.com/etf-expense-ratios,"ETF Expense Ratios 2026: Compare VOO, SPY, IVV & 86 ETFs — Westmount",text/html; charset=utf-8,false,200,0,,,,0,true,5
20,https://westmountfundamentals.com/investing-for-beginners,How to Invest in Stocks for Beginners: A Step-by-Step Guide,text/html; charset=utf-8,false,200,0,,,,0,true,5
20,https://westmountfundamentals.com/canadian-tax-brackets-2026,2026 Canadian Tax Brackets & Income Calculator,text/html; charset=utf-8,false,200,0,,,,0,true,1
20,https://westmountfundamentals.com/market-sector-analysis-dashboard,Market Sector Analysis Dashboard | Westmount Fundamentals,text/html; charset=utf-8,false,200,0,,,,0,true,1
20,https://westmountfundamentals.com/best-bond-etfs-canada,"Best Canadian Bond ETFs in 2026: ZAG, VAB, XBB Compared",text/html; charset=utf-8,false,200,0,,,,0,true,3
20,https://westmountfundamentals.com/what-is-a-dividend,What is a Dividend? A Complete Guide to Dividend Investing,text/html; charset=utf-8,false,200,0,,,,0,true,7
20,https://westmountfundamentals.com/compound-interest-calculator,Compound Interest Growth Calculator,text/html; charset=utf-8,false,200,0,,,,0,true,2
20,https://westmountfundamentals.com/dividend-meaning,Dividend Meaning: The Definitive Guide for Investors,text/html; charset=utf-8,false,200,0,,,,0,true,6
20,https://westmountfundamentals.com/yoy-growth-calculator,YoY Growth Calculator | Westmount Fundamentals,text/html; charset=utf-8,false,200,0,,,,0,true,1
20,https://westmountfundamentals.com/how-to-sell-stocks,How to Sell Stocks: A Complete Guide for Investors,text/html; charset=utf-8,false,200,0,,,,0,true,3
20,https://westmountfundamentals.com/sp500-pe-ratio-history,S&P 500 P/E Ratio History: Is the Market Overvalued in 2026?,text/html; charset=utf-8,false,200,0,,,,0,true,1
20,https://westmountfundamentals.com/best-brokerage-for-usd,Best Brokerage for USD Trading in Canada (2026),text/html; charset=utf-8,false,200,0,,,,0,true,7
20,https://westmountfundamentals.com/rrsp-withdrawal-strategies,RRSP Withdrawal Strategies,text/html; charset=utf-8,false,200,0,,,,0,true,4
20,https://westmountfundamentals.com/cagr-calculator,Compound Annual Growth Rate (CAGR) Calculator,text/html; charset=utf-8,false,200,0,,,,0,true,4
20,https://westmountfundamentals.com/portfolio-rebalancer,Portfolio Rebalancing Tool | Westmount Research,text/html; charset=utf-8,false,200,0,,,,0,true,1
